,CV,Roles,Other Roles
0,Abe Atsushi,"Castle-3, Spot","Inojin Yamanaka (Boruto), Moritaka Mashiro (Bakuman), Farren (Dragalia Lost), Suishinshi Masahide (Touken Ranbu), Male Protagonist (Zenless Zone Zero), Ryota Ibuki (Tokyo Xanadu), Sogo Osaka (iDOLISH7), Minoru Hinata (Digimon Survive), Tomohiro Haba (Hyouka), Koichi Sakakibara (Another), Yuuki (Princess Connect Re:Dive), Male Hakuno Kishinami (Fate Extra), Touma Kamijou (A Certain Magical Index and A Certain Scientific Railgun), Romio Hayahune (Free!), Shinji Inui (Initial D)"
1,Aida Rikako,Quartz,"Riko Sakurauchi (Love Live! Sunshine!!), Yuna Tashiki (Mashiro no Oto), Zephine Baudouin (Atelier Ryza 2: Lost Legends & The Secret Fairy), Fuuka Miyazawa (The Aquatrope on White Sand)"
2,Aihara Kotomi,Erato,"Shiki Ichinose (The iDOLM@STER Cinderella Girls), Bamboo Memory (Uma Musume Pretty Derby), Panakeia (Neural Cloud)"
3,Akao Hikaru,Bubble,"Kaoruko Moeta (Comic Girls), Koharu Shimoe (Blue Archive), Riri Hitotsuyanagi (Assault Lily)"
4,Akesaka Satomi,Aurora,"Esdeath (Akame ga Kill!), Chrome Dokuro (Katekyo Hitman REBORN!), Lamretta (Granblue Fantasy), Sejuani (League of Legends), Meruru (Atelier Meruru), Rinko Shirokane (BanG Dream!, formerly), Ghondor Vandham (Xenoblade Chronicles 3), Kato Danzo (Fate/Grand Order)"
5,Aoki Shiki,Dagda,"Asuka Ninomiya (The iDOLM@STER Cinderella Girls), Lottecia (Sorcerous Stabber Orphen: Chaos in Urbanrama), Jacques de Molay (Fate Grand Order), Homura Kogetsu (Edens Zero), Mayuko Nise (High Rise Invasion), Makoto Asada (Cardfight!! Vanguard series)"
6,Arakawa Miho,Ceylon,"Sonia Nevermind (Super Danganronpa 2), Claudia, Elaine (Granblue Fantasy), Meiko Mochizuki (Digimon Adventure:tri), Himari Takakura (Mawaru Penguindrum), Shizuku Murasaki (Hunter x Hunter)"
7,Asakura Azumi,"Cardigan, Specter, Specter the Unchained","Asia Argento (High School DxD), Yukiho Hagiwara (The iDOLM@STER), Fraux (Granblue Fantasy), Laphicet (Tales of Berseria), Akira Okochi (Mahou Sensei Negima!), Misaki Shokuhou (A Certain Scientific Railgun), Kumin Tsuyuri (Love, Chunibyo & Other Delusions)"
8,Asumi Kana,Snowsant,"Marika Tachibana (Nisekoi), Nyaruko (Haiyore! Nyaruko-san), Popura Taneshima (Working!!), Yuno (Hidamari Sketch), Bronya (Honkai Impact & Honkai Star Rail), Silver Wolf (Honkai Star Rail), Ene/Takane Enomoto (Mekakucity Actors), Blanc/White Heart (Neptunia series), Mel (Tales of Phantasia: Narikiri Dungeon)"
9,Anzai Chika,Pozyomka,"Ryou Atsumi (Taisho Otome Fairy Tale), Sakura Nanamine (Toilet-Bound Hanako-kun), Kojika Kumari (Mahoutsukai no Yoru), Saki (Another Eden), Chaika Trabant (Chaika: The Coffin Princess), Mina Carolina (Attack on Titan), Merry (Grimgar of Fantasy and Ash), Niina Sugawara (O Maidens in Your Savage Season), Chisato Nishikigi (Lycoris Recoil)"
10,Chiba Shōya,Chestnut,"Shinei Nouzen (86), Kiyotaka Ayanokoji (Classroom of the Elite), Shokurei (Onmyouji), Fudo Akane (B-PROJECT), Kabetaijin (Paripi Koumei), Kou Minamoto (Toilet-Bound Hanako-kun), Hayato Akiyama (The iDOLM@STER SideM), Rein (Beast Tamer)"
11,Chisuga Haruka,Rockrock,"Ryo Matsunaga (The iDOLM@STER Cinderella Girls), Sylvia Lyyneheym (The Asterisk War), Rachel ""Ray"" Gardner (Angels of Death), Shizuka Sakaki (Shirobako)"
12,Fuchigami Mai,"Greyy, Greyy the Lightningbearer","Iona, I-401 (Arpeggio of Blue Steel), Lumie (Lord of Heroes), Nagisa Shiota (Assassination Classroom), Miho Nishizumi (Girls und Panzer), Dortin (Sorcerous Stabber Orphen), Karen Hojo (The iDOLM@STER Cinderella Girls), RPK-16/89 Shiki (Girls' Frontline)"
13,Fujimura Ayumi,"Rope, Savage","Neferpitou (Hunter x Hunter), Rin Okumura (Ao no Exorcist), Aeleen, Vida (Dragalia Lost), Katen Kyokotsu (Bleach), Kanon (Aikatsu!), Korwa (Granblue Fantasy), Hana Misaki (Haikyuu!!), Natsume (Natsume Yuujinchou), Matarou Mankanshoku, Rei Hououmaru (Kill la Kill), Gabriel (Shingeki no Bahamut)"
14,Fujita Akane,"Bibeak, Shamare","Sucrose (Genshin Impact), G36C / Five-SeveN (Girls' Frontline), Yukari Mizumoto (The Idolmaster Cinderella Girls), Nayo (Final Fantasy VII Remake Integrade), Renie (Granblue Fantasy), Heroine (Dragone Quest Builders II), Feena (Final Fantasy Brave Exvius), Sagiri Izumi (Eromanga-sensei), Sistine Fibel (Akashic Records of Bastard Magic Instructor)"
15,Fujita Saki,Yato,"Hatsune Miku (Vocaloid), Ritsu (Assassination Classroom), Remon Yoimura (Boruto), Selena (Brave Frontier ReXona), Ymir (Attack on Titan series), Ruri Hijiribe (Durarara! series), Rika Sasaki (Cardcaptor Sakura), Rasphuia (Log Horizon), QQ Selezneva (Tales of Innocence R), Akagi/Tokitsukaze (Kantai Collection), Skuld (Sword Art Online), Elena (Street Fighter IV)"
16,Fukuen Misato,GreyThroat,"Iggy (Jojo's Bizarre Adventure: Stardust Crusaders), Chibiusa (Sailor Moon Crystal), Eve (Black Cat), Sushang (Honkai Star Rail), Osakabehime (Fate Grand Order), Reimi Saionji (Star Ocean: The Last Hope), Edna (Tales of Zestiria), Sakura Kasugano (Street Fighter series), Tina (Closers), Yoshika Miyafuji (Strike Witches), Golden Darkness (To Love Ru), Himiko Toga (My Hero Academia), Miyabi (Xenoblade Chronicles 3)"
17,Fukuhara Ayaka,Meteor,"Rin Shibuya (The iDOLM@STER Cinderella Girls), Sayaka Igarashi (Kakegurui), Grea (Granblue Fantasy), Cibella (Dragalia Lost), Ashley (WarioWare Get It Together), Rockman (Rockman X Dive, Rockman 11), RO635/G11 (Girls' Frontline), Seeking the Pearl (Uma Musume Pretty Derby), Dehya (Genshin Impact)"
18,Gotō Saori,Whisperain,"Meldy, Plue (Fairy Tail), Barasuishou (Rozen Maiden), Moeka Kiryu (Steins;Gate), Ai Kaga (Sayonara, Zetsubou-Sensei), Elise Schwarzer (The Legend of Heroes: Trails of Cold Steel), Mirai (Senran Kagura), Chitose Karasuma (Galaxy Angel)"
19,Hanamori Yumiri,Ifrit,"Shizue Izawa (That Time I Got Reincarnated as a Slime), Hinaki Ubuyashiki (Demon Slayer: Kimetsu no Yaiba), Nadeshiko Kagamihara (Laid-Back Camp), Ai Hayasaka (Kaguya-sama wa Kokurasetai), Fleur (Dragalia Lost), Tanya (Fire Emblem: Heroes), Risette, Pino (Granblue Fantasy), Kon (Kemono Jihen), Lapis (Grand Chase for Kakao), Lean (Konosuba), Shin Sato (The Idolmaster Cinderella Girls), Zero (Grimoire of Zero), Nemo (Fate Grand Order), Umemoto Sachiko (Diamond no Ace), Yanfei (Genshin Impact), Sorawo Kamikoshi (Urasekai Picnic), Mercedes von Martritz (Fire Emblem: Three Houses)"
20,Hanazawa Kana,"Blemishine, Luo Xiaohei","Mato Kuroi (Black Rock Shooter), Kosaki Onodera (Nisekoi), Zeta (Granblue Fantasy), Sophie (Tales of Graces), Marie (Persona 4 Golden), Maribelle (Dragalia Lost), Akane Tsunemori (Psycho Pass), Lucy Maud Montgomery (Bungou Stray Dogs), Anne (Sin Chronicle), Alice Kuonji (Mahoutsukai no Yoru), Lady Inari (Kemono Jihen), Rinoa Heartily (Final Fantasy VIII), Lilith (Brave Frontier ReXona), Ran (Urusei Yatsura (2022)), Folka (Final Fantasy Brave Exvius), Deuce (Final Fantasy Type-0), Ayaka Sajyou (Fate Prototype & Fate strange/fake), Red Blood Cell AE3803 (Hataraku Saibou), Ichika Nakano (The Quintessential Quintuplets), Mitsuri Kanroji (Demon Slayer: Kimetsu no Yaiba), Chiaki Nanami (Super Danganronpa 2), Mayuri Shiina (Steins;Gate), Mary Kozakura (Mekakucity Actors), Fran (Wandering Witch: The Journey of Elaina)"
21,Hara Yūko,"Beehunter, Indra, Melantha","Young Griamore (Seven Deadly Sins), Akari Acura (Chaika the Coffin Princess), Tsuchiya (Mob Psycho 100)"
22,Harumura Nana,"Beagle, Shirayuki",
23,Haruno Anzu,Kirara,"Mafuyu Hoshikawa (Blend S), Mio Yamagishi (Fruits Basket 2019), Ramiris (That Time I Got Reincarnated as a Slime)"
24,Hatano Wataru,Chiave,"Gajeel Redfox (Fairy Tail), Brad Beams (Helios Rising Heroes), Shamrock (Servamp), Randall, Owen (Granblue Fantasy), Felt Blanchimont (Atelier Iris II: The Azoth of Destiny), Julius Belkisk Harway (Fate EXTRA), Georgi Popovich (Yuri On Ice), Rei (Last Cloudia), Orlando Reeve (Fate strange/fake), Roberto (Onimusha: Dawn of Dreams), Yuto Ayase (Nogizaka Haruka no Himitsu), Ritsu Kasanoda (Ouran High School Host Club), Hidetomo Kajomaru (Bleach: Thousand Year Blood War), Ficus Finis (Atelier Lulua), Kaiji Motojiro (Bungou Stray Dogs), Jiro (Kamisama Kiss), Gaku Yaotome (IDOLISH7), Adonis Otogari (Ensemble Stars), Hikaru Matsuyama (Captain Tsubasa)"
25,Hayami Saori,Pramanix,"Shinobu Kocho (Demon Slayer: Kimetsu no Yaiba), Himawari Uzumaki (Boruto), Yor Forger (Spy × Family), Meltilith, Atlanta, Ushiwakamaru, Taira no Kagekiyo, Martha (Fate series), Kokoro (Darling in the FranXX), Shirayuki (Akagami no Shirayukihime), Kagura Mikazuchi (Fairy Tail), Ryu Lion (Danmachi), Azazel Amelie (Welcome to Demon School! Iruma-kun), Oyuki (Urusei Yatsura (2022)), Viktoriya Ivanovna ""Visha"" Serebryakov (Youjo Senki), Fubuki/Hell Blizzard (One Punch Man), Saki Morimi (Eden of the East), Shoko Nishimiya (Koe no Katachi), Macy Baljure (Burn The Witch), Fan la Lorne, Lora (Xenoblade Chronicles 2), Kunimitsu (Tekken 7), Tao Isonokami (Shin Megami Tensei V), Caeda (Tokyo Mirage Sessions #FE & Fire Emblem Heroes), Serafina (Legend of Mana: The Teardrop Crystal), Yumeko Jabami (Kakegurui), Leia Rolando (Tales of Xillia & Xillia 2), Kaede Takagaki (The Idolmaster Cinderella Girls), Arciela V Adoulin (Final Fantasy XI), Emma Millstein (The Legend of Heroes: Trails of Cold Steel series), Miyuki Shiba (The Irregular at Magic High School), Ayase Aragaki (OreImo), Ayaka Kamisato (Genshin Impact), Ruby Rose (RWBY)"
26,Hayami Shō,Hellagur,"Tokiomi Tohsaka (Fate/Zero), Sousuke Aizen (Bleach), Arvis (Fire Emblem Heroes), Tristan Turnbull (Phoenix Wright: Ace Attorney), Odin (Record of Ragnarok), Vanilla Ice (JoJo's Bizarre Adventure: Stardust Crusaders), Sairei no Hebi/Snake of Festival (Shakugan no Shana), Charden Flamberg (Black Cat), Ginji Sasaki (Persona 2), Jie Revorse (Star Ocean: The First Departure), Maximillian Jenius (Super Dimension Fortress Macross), Melvin (Odin Sphere), Ichiya Wanderley Kotobuki (Fairy Tail), Ark (Kamen Rider Zero One), Cid (Final Fantasy Brave Exvius), Jhin (League of Legends), Aurien, Heinwald, Nyarlathotep (Dragalia Lost), Shiva (Granblue Fantasy), Garr Kelvin (Tales of Destiny), Gakuho Asano (Assassination Classroom), Jakurai Jinguji (Hypnosis Mic: Division Rap Battle), Reiji Ishioda (Yakuza: Like A Dragon)"
27,Hikasa Yōko,Kal'tsit,"Kyoko Kirigiri (Danganronpa), Mio Akiyama (K-On!), Anne, Selfira (Granblue Fantasy), Charlotte (Final Fantasy Brave Exvius), Yoh Asakura (Shaman King), Horn Skuld (Owari no Seraph), Veronica de Sade (The Case Study of Vanitas), Irene Adler/James Bond (Moriarty the PAtriot), Emi Yusa/Emilia Justina (Hataraku Maou-sama), Satan (Umineko no Naku Koro ni), Juliet Starling (Lollipop Chainsaw), Ivy (Fire Emblem Engage), Refia (Final Fantasy III), Ivy (Fire Emblem Engage), Kuon Ichinose (Persona 5 Strikers), Alyssa Zaidelle (Final Fantasy XIII-2), Celliera (Dragalia Lost), Malkya Trathen (Star Ocean: The Divine Force), Suzuka Gozen (Onmyouji), Rias Gremory (High School DxD), Diana Cavendish (Little Witch Academia), Judith Ranster (Legend of Heroes: Kuro no Kiseki), Kijyo Koyo (Fate Grand Order), Tomoe Udagawa (BanG Dream!), Sheila (Wandering Witch: The Journey of Elaina), Maria Cadenzavna Eve (Senki Zesshou Symphogear), Weiss Schnee (RWBY)"
28,Hino Satoshi,Hung,"Ainz Ooal Gown (Overlord), Sai (Naruto Shippuden), Orologia (Granblue Fantasy), Kevin Kaslana (Honkai Impact 3rd), Nao Serizawa (Free!), Wylfred (Valkyrie Profile: Covenant of the Plume), Prince Castor (Bravely Default 2), Johngalli A. (JoJo's Bizarre Adventure: Stone Ocean), Gast Adler (Helios Rising Heroes), Mikhail Renfred (The Ancient Magus' Bride), Napoleon Bonaparte (Fate Grand Order), Leonhardt (The Saint Magic Power is Omnipotent), Lille Barro (Bleach: Thousand Year Blood War), Ezreal (League of Legends), Saito Hiraga (The Familiar of Zero), Yuji Sakai (Shakugan no Shana), Daichi Sawamura (Haikyuu!), Kyojuro Rengoku (Demon Slayer: Kimetsu no Yaiba), Takuto Maruki (Persona 5 Royal)"
29,Hirakawa Daisuke,Courier,"Noriaki Kakyoin (Jojo's Bizarre Adventure: Stardust Crusaders), Rei Ryugazaki (Free!), Starscream (Transformers: Robots In Disguise), Yamanami Keisuke (Fate Grand Order), Melvin Weins (The Case Files of Lord El-Melloi), Ace of Hearts (Heart no Kuni no Alice), Susabi (Onmyouji), Chrome (Punishing: Gray Raven), Senbonzakura (Bleach), Enmu (Kimetsu no Yaiba), Irvine Kinneas (Final Fantasy VIII), Sampo (Honkai Star Rail), Rufus Albarea, Cao Lee (The Legend of Heroes: Trails of Cold Steel)"
30,Hirano Aya,Flametail,"Lucy Heartfilia (Fairy Tail), Konata Izumi (Lucky Star), Beatrix, Alexiel (Granblue Fantasy), Lumière (Kiddy Grade), Ume Kurumizawa (Kimi ni Todoke), Botan (Dragalia Lost), Kahlua/Tequila Marjoram (Galaxy Angel II), Kanonno Grassvalley (Tales of The World Radiant Mythology 3), Rin (Catherine: Full Body), Prishe (Final Fantasy XI), Misa Amane (Death Note), Haruhi Suzumiya (The Melancholy of Haruhi Suzumiya), Dende (Dragon Ball Z), Okachimachi (Akiba Maid War)"
31,Hirohashi Ryō,"Jessica, Shaw","Masaomi Kida (Durarara!), Aoi Yamada (Working!), Minoru Mineta (My Hero Academia), Sen (Granblue Fantasy), Chane Laforet (Baccano), Luna (Sailor Moon Crystal), Chouji Marukura (Bakugan), Soyo Tokugawa (Gintama), Shirley Fennes (Tales of Legendia), Hina Sorasaki (Blue Archive), Kyou Fujibayashi (Clannad), Miles ""Tails"" Prower (Sonic the Hedgehog)"
32,Hisakawa Aya,Kjera,"Sailor Mercury (Sailor Moon), Sōma Yuki (Fruits Basket (2001)), Silva (Granblue Fantasy), Cerberus (Cardcaptor Sakura), Takius (Ragnarok: The Animation), Retsu Unohana (Bleach), Rena Lanford (Star Ocean: The Second Story), Palutena (Kid Icarus Uprising), Cerrine (Another Eden), Judith (Tales of Vesperia), Bulma (Dragon Ball Super), Arianrhod (The Legend of Heroes: Trails to Azure/Trails of Cold Steel), Palutena (Kid Icarus: Uprising)"
33,Honda Mariko,Kazemaru,"Uzume Tennouboshi and Kurome Ankokuboshi (Neptunia series), AA-12 (Girls' Frontline), Sandrone (Genshin Impact), Yuuko Aioi (Nichijou)"
34,Hondo Kaede,Suzuran,"Elaina (Wandering Witch: The Journey of Elaina), Pinon (Dragalia Lost), Ciel (Tsukihime (2021))), Shigeru Kamado (Kimetsu no Yaiba), Iris & Arche (Gran Saga), Vex (League of Legend), Aoi Shibuya (Digimon Survive), Firis Mistroot (Atelier series), Cindy (Grand Chase for Kakao), Hifumi Ajitani (Blue Archive), Haruka Konoe (Love Live! Nijigasaki High School Idol Club), Tabina (Granblue Fantasy), Sakura Minamoto (Zombieland Saga), Kaede Honjo/Maple (Bofuri), Eiko Tsukimi (Ya Boy Kongming!)"
35,Horie Yui,Surtr,"Hanyu (Higurashi no Naku Koro ni), Siesta (The Familiar of Zero), Alisa Reinford (The Legend of Heroes: Trails of Cold Steel), Naru Narusegawa (Love Hina), Kumbhira (Granblue Fantasy), Chie Satonaka (Persona 4), Hitomi (Dead or Alive series), Tsurara Oikawa, Setsura (Nurarihyon no Mago), Teresa Linares (Tales of Berseria), Fenrir (Pretear), Maria Ushiromiya (Umineko no Naku Koro ni), Yuki Cross (Vampire Knight), Oryou, Charlotte Corday (Fate Grand Order), Cotton Cookie (Cookie Run: Kingdom), Tohru Honda (Fruits Basket (2001)), Tsubasa Hanekawa (Monogatari), Carla (Fairy Tail), Wiz (Konosuba), Serena Cadenzavna Eve (Senki Zesshou Symphogear), Nepgear (Neptunia series), Faruzan (Genshin Impact)"
36,Iguchi Yuka,"Hibiscus, Hibiscus the Purifier, Saria","Index Librorum Prohibitorum (A Certain Magical Index), Mea Kurosaki (To Love-Ru Darkness), Voyager (Fate series), Koleda Belobog (Zenless Zone Zero), Kurami Zell (No Game No Life), Crush Karsten (Re:Zero), Lily (Granblue Fantasy), Lu (Elsword), Cow Girl (Goblin Slayer), Mako Reizei (Girls und Panzer), Hinata Miyake (A Place Further Than The Universe), Various characters in Kantai Collection, notably Kaga, Miku Kohinata & Shem-ha (Senki Zesshou Symphogear), IJN Kaga (Azur Lane)"
37,Iida Tomoko,Tulip,Kanade Hayami (The iDOLM@STER Cinderella Girls)
38,Ikezawa Haruna,Breeze,"Porun (Futari wa Pretty Cure), Coco Bandicoot (Crash Bandicoot series), Teepo (Tales of Xillia & Xillia 2), Momoka Nishizawa (Sergeant Keroro), Athena Asamiya (The King of Fighters), Kisara (Tales of Arise)"
39,Imai Asami,Lappland,"Vira, Friday (Granblue Fantasy), Kurisu Makise (Steins;Gate), Mayu (Noragami), Cecillia Helmold (Atelier Totori: Alchemist of Arland), Lilith (Borderlands series), Sex Pistols (JoJo's Bizarre Adventure: All Star Battle), Michidia (Chain Chronicle), Tsubaki Yayoi, Izayoi (BlazBlue series), Noire/Black Heart (Hyperdimension Neptunia series), Chihaya Kisaragi (THE IDOLM@STER)"
40,Inoue Honoka,Honeyberry,"Karen Kisaragi (Danganronpa 3), Amulet (Granblue Fantasy), Aston Machan (Uma Musume Pretty Derby), Nanami Asari (The Idolmaster Cinderella Girls), Xiaomei (Edens Zero)"
41,Inoue Kikuko,Ling,"Mizuho Kazami (Onegai☆Teacher), Belldandy (Ah! My Goddess), Eratoeir (Rockman X Dive), Mirelia Q. Melromarc (The Rising of the Shield Hero), Alice (Genshin Impact), Kasumi Tendo (Ranma 1/2), Tsubasa Ozora (teenager) (Captain Tsubasa: Road to 2002), Macrophage (Cells at Work!), Miria (Claymore), Hrist (Valkyrie Profile: Lenneth), Virgilia (Umineko no Naku Koro ni), Li Yelan (Cardcaptor Sakura: The Movie), Chianti (Detective Conan), I-No (Guilty Gear series), The Boss (Metal Gear Solid series), Latoya Hamilton (Legend of Heroes: Kuro no Kiseki II: Crimson Sin), Mercury (Dragalia Lost), Lust (Fullmetal Alchemist Brotherhood), Hydaelyn, Venat (Final Fantasy XIV), Sephiria Arks (Black Cat), Philia Felice (Tales of Destiny), Rhea (Fire Emblem: Three Houses), Scheherazade (Fate/Grand Order), I-No (Guilty Gear series), Alcina Dimitrescu (Resident Evil Village)"
42,Inoue Marina,Pallas,"Yoko Littner (Tengen Toppa Gurren Lagann), Armin Arlert (Attack on Titan), Tohka Yatogami (Date A Live), Yozora Mikazuki (Haganai), Lea (Dragalia Lost), Elesis (Elsword), White Lily Cookie (Cookie Run: Kingdom), Kohak Hearts (Tales of Hearts), Yaoyorozu Momo (My Hero Academia), Fairy Knight Gawain/Barghest (Fate Grand Order), Morrigna (Granblue Fantasy), Sherlotta (Final Fantasy Crystal Chronicles: Echoes of Time), Vera (Punishing: Gray Raven), Female Protagonist (Persona 3 Portable), Laura Bodewig (Infinite Stratos), Alicia Melchiott (Valkyria Chronicles), 6P62, OTs-14 (Girls' Frontline), FFNF Richelieu, MNF Jean Bart (Azur Lane), Sodachi Oikura (Monogatari)"
43,Ise Mariya,"Magallan, Passenger","Levy McGarden (Fairy Tail), Killua Zoldyck (Hunter x Hunter 2011), Ray (The Promised Neverland), Tiger Lily Cookie, Sherbet Cookie (Cookie Run: Kingdom), Beq Lugg, Tataru, Nanamo ul Namo (Final Fantasy XIV: Shadowbringers), Bellina, Cupid (Dragalia Lost), Elle Mel Marta (Tales of Xillia 2), Paddra-Nsu Yeul (Final Fantasy XIII: Lightning Returns), Helel ben Shalem, Farrah (Granblue Fantasy), Astrid Remond (Lord of Heroes), Yu Meiren/Consort Yu, Hinako Akuta (Fate Grand Order), Guila (Seven Deadly Sins), Himeno (Chainsaw Man), Stocking Anarchy (Panty and Stocking with Garterbelt), Antarcticite (Land of the Lustrous), Laura S. Arseid (The Legend of Heroes: Trails of Cold Steel), Chanzhi (Neural Cloud)"
44,Ishida Akira,Phantom,"Kotarou Katsura (Gintama), Akaza (Demon Slayer: Kimetsu no Yaiba), Athrun Zala (Gundam SEED), Vayne Aurelious (Mana Khemia: Alchemist of Al-Revis), Edo Phoenix (Yu-Gi-Oh! GX), Ryunosuke Uryu (Fate/Zero), Satoshi Hiwatari (D.N Angel), Wanshi (Punishing: Gray Raven), Kiyoshiro Higashimitarai (Digimon Ghost Game), Cho Hakkai (Saiyuki series), Guy Crimson (Tensura), Cavendish (One Piece), Xellos (Slayers series), Wizardmon (Digimon Adventures), Akira Soma (Fruits Basket: The Final), Male Protagonist/Makoto Yuki (Persona 3), Otto Apocalypse (Honkai impact 3rd), Luocha (Honkai Star Rail), Clotted Cream Cookie (Cookie Run: Kingdom), Sariel (Granblue Fantasy), Reid Herschel (Tales of Eternia), Kuja (Final Fantasy IX), Jet Enduro (Wild Arms III), Carsilion (Gran Saga), Kaworu Nagisa (Neon Genesis Evangelion), Zeref Dragneel (Fairy Tail), Gaara (Naruto), Ayato Kamisato (Genshin Impact), Byakuya Togami (Danganronpa and Super Danganronpa 2), Ludociel (Seven Deadly Sins), Elidibus (Final Fantasy XIV)"
45,Ishigami Shizuka,"Ch'en, Ch'en the Holungday","Ikumi Mito (Shokugeki no Souma), Ayame Kajou (Shimoneta), Petra Macneary (Fire Emblem: Three Houses), Stella Vermillion (Chivalry of a Failed Knight), Ikuno (Darling in the FranXX), Saori Joumae (Blue Archive)"
46,Ishihara Kaori,Heavyrain,"Aladdin (Magi: The Labyrinth of Magic), Rena Minami (Magia Record), Sorbet Shark Cookie (Cookie Run: Kingdom), Juliet (Granblue Fantasy), Reki (Aria the Scarlet Ammo), Sheila (Dragalia Lost), Ram (Neptunia series), Kanna Tanigawa (Waiting in the Summer), Tsubame Miyama (Schoolgirl Strikers Series)"
47,Ishikawa Kaito,Thorns,"Naofumi Iwatani (The Rising of the Shield Hero), Naruzo Machio (How Heavy Are the Dumbbells You Lift?), Dimitri Alexandre Blaiddyd (Fire Emblem: Three Houses), Marius von Hagen/Izumi Kei/Yoo Shinwoo/Lu Jinghe (Tears of Themis), Noa (Granblue Fantasy), Kageyama Tobio (Haikyuu), Producer (The Idolmaster SideM), Noan (Punishing: Gray Raven), Tsubasa (Gran Saga), Daybit Sem Void (Fate Grand Order), Nero (Devil May Cry series), Pegasus Seiya (Saint Seiya: Legend of Sanctuary), Sakuta Azusagawa (Seishun Buta Yaro), Fidel Camuze (Star Ocean 5), Tsumugi Aoba (Ensemble Stars), Yuzuru Atsuta (Shin Megami Tensei V), Gunvolt (Azure Striker Gunvolt series), Yato no Kami (Onmyouji), Rouin (Lord of Heroes), Logix Ficsario (Atelier Escha and Logy), Noe Archiviste (The Case Study of Vanitas), Nine (Terror in Resonance), Yui (Kemono Jihen), Kasel (King's Raid), Saito Hajime (Fate Grand Order), Genos (One Punch Man), Tenya Iida (My Hero Academia), Arrow (Soul Hackers 2)"
48,Ishikawa Yui,"Liskarm, Nightingale","Violet Evergarden (Violet Evergarden), Mikasa Ackerman (Attack on Titan), Morgan (Fate Grand Order), Sei Takanashi (The Saint's Magic Power is Omnipotent), Lucia, Alpha (Punishing: Gray Raven), Risette Twinning (Legend of Heroes: Kuro no Kiseki), Apollon, Sabina (Gran Saga), Misella (Tales of Crestoria), Moonlight Cookie (Cookie Run: Kingdom), Female Trailblazer (Honkai: Star Rail), Meryl (Tower of Fantasy), Rosamia (Granblue Fantasy), Black Rock Shooter (Black Rock Shooter: Dawn Fall), Isuka (Another Eden), Regina (Dragalia Lost), Female Hakuno Kishinami (Fate/Extella series), USS Enterprise (Azur Lane), Olivia (Lord of Heroes), Hinaki Shinjou (Aikatsu!), Gager/Fedorov (Girls' Frontline), 2B (Nier: Automata)"
49,Itō Ayasa,Beanstalk,"Arisa Ichigaya (BanG Dream!), Kaoruko Hanayagi (Shoujo Kageki Revue Starlight), IJN Kazagumo (Azur Lane), Habetrot (Fate Grand Order), Juli Rosenheim (Valiant Knights)"
50,Itō Shizuka,Schwarz,"Luviagelita Edelfelt (Fate series), Sutera, Korwa (Granblue Fantasy), Astraea (Fate Grand Order), Vicar Amelia (Bloodborne), Kafka (Honkai: Star Rail), Avril Vant Fleur (Wild Arms V), Kaori Kanzaki (Toaru Majutsu no Index), Himawari Kunogi (xxxHOLIC), Byleth (female) (Fire Emblem: Three Houses), Yotsuyu (Final Fantasy XIV), Arcee (Transformers: Prime), Irina Jelavic (Assassination Classroom), Widowmaker (Overwatch), Innes Lorenz (Tales of Hearts), Akeno Himejima (High School DxD)"
51,Iwami Manaka,"Exusiai, Warfarin","Ingrid Brandl Galatea (Fire Emblem: Three Houses), Chiaki Hoshinomori (Gamers!), Huyan Zhuo (Fate/Grand Order), Satyr (Granblue Fantasy), Samael (Gran Saga), Rice Shower (Uma Musume Pretty Derby), Millie (Spy x Family), Pia (Dragalia Lost), Nadia Rayne (Legend of Heroes: Hajimari no Kiseki and Kuro no Kiseki), Tohru Honda (Fruits Basket 2019), Maquia (Maquia: When The Promised Flower Blooms), Amber (Genshin Impact), Bridget (Guilty Gear Strive)"
52,Kageyama Akari,"Durin, Provence","Beatrice (Princess Principal), Nana Ebina (Himouto! Umaru-chan)"
53,Kaida Yūko,Leizi,"Aiho Yomikawa (To Aru Kagaku no Railgun), Sumire Moroto (Black Bullet), Tsubomi Kido (Mekakucity Actors), Vivaldi (Heart no Kuni no Alice), Caitlyn (Arcane & League of Legend), Claire Redfield (Resident Evil 2 (2019)), Sylvia Sherwood (Spy x Family), Sae Niijima (Persona 5), Boss (AI: The Somnium Files), Isabella (The Promised Neverland), Zaira (Lord of Heroes), Freesia von Bismark (Granblue Fantasy), DP-12, AK-15 (Girls' Frontline), KMS Mainz (Azur Lane)"
54,Kaji Yūki,Ayerscarpe,"Eren Jaeger (Attack on Titan), Shoto Todoroki (My Hero Academia), Hope Estheim (Final Fantasy XIII), Alibaba (Magi), Speed-o-Sound Sonic (One Punch Man), Takumi (Fire Emblem Fates), Sleepy Ash (Servamp), Mao Isara (Ensemble Stars), Finnian (Black Butler), Zen (Persona Q: Shadow of the Labyrinth), Adol Christin (Ys VIII and IX), Veight, White Knight (Granblue Fantasy), Norwin, Rawn (Dragalia Lost), Luke Pearce/Natsuhiko Minase/Kang Hyuk/Xia Yan (Tears of Themis), Lass (Gran Saga), Nifuuji Naoya (Wotakoi), Kozume Kenma (Haikyuu), Sabito (Kimetsu no Yaiba), Phoenix Wright (Ace Attorney), Ace (Final Fantasy Type-0), Koichi Hirose (Jojo's Bizarre Adventure: Diamond is Unbreakable), Johnny Joestar (Jojo's Bizarre Adventure All Star Battle and Eyes of Heaven), Meliodas, Zeldris (The Seven Deadly Sins), Issei Hyodo (High School DxD)"
55,Kakazu Yumi,Harmonie,"Nanaly Fletch (Tales of Destiny 2), Shizuka Minamoto (Doraemon), Kejoro (Nurarihyon no Mago), Hisui (Tsukihime (anime)), Mint Aizawa (Tokyo Mew Mew), Yuffie Kisaragi (Final Fantasy VII , Kingdom Hearts series, Dissidia Opera Omnia), Jasmine (Pokemon), Renais Cardiff Shishio (The King of Braves GaoGaiGar), Daji (Hoshin Engi), Aya Mikage (Ayashi no Ceres), Anzu Mazaki (Yu-Gi-Oh), Charlotte Aulin (Castlevania: Portrait of Ruin), Magical Sapphire (Fate Grand Order), Kula Diamond, Lilly Kane (King of Fighter series), Ethlyn (Fire Emblem Heroes)"
56,Kakuma Ai,"Franka, Frostleaf","Makomo (Demon Slayer: Kimetsu no Yaiba), Rossweisse (High School DxD), Momo Kisaragi (Mekakucity Actors), Edelgard von Hresvelg (Fire Emblem: Three Houses & Three Hopes & Heroes), Isuzu Sento (Amagi Brilliant Park), Machi Kuragi (Fruits Basket (2019)), Lenalee Lee (D-Gray Man (2016)), Setsuna (I Am Setsuna), Selphiris, Chiria (Gran Saga), Kiichi Hogen (Fate Grand Order), Tiramisu (Another Eden), Lucretia (Dragalia Lost), Frey (King's Raid), Cidala (Granblue Fantasy), Airmid Teasanare (Danmachi), Angel (Konosuba), Fran (Reincarnated as a Sword), Rosaria (Genshin Impact)"
57,Kamegai Ayako,Roberta,
58,Kaneko Mayumi,Ansel,
59,Kanemoto Hisako,Ptilopsis,"Ika Musume (Shinryaku! Ika Musume), Ginko Sora (Ryuo no Oshigoto), Ami Mizuno (Sailor Moon Crystal), Eiko Carrol (Final Fantasy IX), Djeeta (Granblue Fantasy), Fleauesse (Shadowverse), Fie Claussell (The Legend of Heroes: Trails of Cold Steel), Erina Nakiri (Shokugeki no Souma), Tsugumi Hazawa (BanG Dream!), Livie Collete (God Eater 2 Rage Burst), Nilou (Genshin Impact)"
60,Kawahara Motoyuki,Stormeye,"Kazuomi Hirasawa (Eden of the East), Kakeru Inaba (Super Robot Wars NEO)"
61,Kawanishi Kengo,"Noir Corne, Adnachiel","Rei Kiriyama (March comes in like a Lion), Scandinavia Peperoncino and Taisui Xingjun [Adult Form] (Fate Grand Order), Roi (King's Raid), Muichiro Tokito (Kimetsu no Yaiba), Siegbert (Fire Emblem Fates), Dunarith (Another Eden), Abe no Seimei (Nioh 2), Cyrill (Fire Emblem: Three Houses), Diebold Lewerens (Atelier Sophie 2), Benvolio (Granblue Fantasy), Tearer (AI: The Somnium Files - Nirvana Initiative), Gen Asagiri (Dr. Stone), Mikazuki Augus (Mobile Suit Gundam: Iron-Blooded Orphans), Sogiita Gunha (A Certain Magical Index)"
62,Kawasumi Ayako,Siege,"Henrietta de Tristain (The Familiar of Zero), Artoria ""Saber"" Pendragon, Fou, Merlin (Prototype) (Fate series), Kazumi Yoshida (Shakugan no Shana), Athena, Lecia (Granblue Fantasy), Noda Megumi (Nodame Cantabile), Riveria Ljos Alf (Danmachi), Izumi Nase (Beyond the Boundary), Yulie Athreide (Wild Arms IV), Alice (Pandora Hearts), Bianca (Punishing: Gray Raven), Malora, Eleonora (Dragalia Lost), Elie (Rave Master), Angie Thompson (Trauma Center), Ulrika Mayberg (Mana Khemia 2: Fall of Alchemy), Isolde Scheling (Mana Khemia: Alchemist of Al Revis), Lenna (Final Fantasy V), Laura Stuart (To Aru Majutsu no Index), Erina Pendleton (Jojo's Bizarre Adventure), Atoli (.hack G.U), Naori Imeris (Tales of Arise), Silmeria (Valkyrie Profile 2: Silmeria), Beretta (That Time I Got Reincarnated as a Slime), Gwendolyn (Odin Sphere), Grune, Schwartz (Tales of Legendia), Shenhe (Genshin Impact)"
63,Kishio Daisuke,Corroserum,"Loki, Scorpio (Fairy Tail), Hanzo (Hunter x Hunter), Jet The Hawk (Sonic Riders series), Kaname Kuran (Vampire Knight), Kurama (Kamisama Kiss), Nezha, Will (Granblue Fantasy), Roxis Rozenkranz (Mana Khemia: Alchemist of Al Revis), Noel Kreiss (Final Fantasy XIII-2), Rokurou Rangetsu (Tales of Berseria), Edge Maverick (Star Ocean: The Last Hope), Etzali, Unabara Mitsuki (To Aru Majutsu no Index), Tsukune Aono (Rosario + Vampire), Steely Dan (JoJo's Bizarre Adventure: Stardust Crusaders), Quillfire (Transformers: Robots In Disguise), Fuyuhiko Kuzuryuu (Super Danganronpa 2), Crys (Xenoblade Chronicles 3), Cabba (Dragon Ball Super)"
64,Kitajima Mizuki,Platinum,
65,Kitamura Eri,"Beeswax, Carnelian","Miki Sayaka (Puella Magi Madoka Magica), Papalymo Totolymo (Final Fantasy XIV), Karen Araragi (Monogatari series), Saya Otonashi (Blood+), Juri (Street Fighter series), Cerberus (Granblue Fantasy & Dragalia Lost), Grace (Dragalia Lost), Cana Alberona, Aquarius (Fairy Tail), Keqing (Genshin Impact), Uni (Neptunia series), Vee, Willow, Ksenia (Neural Cloud)"
66,Kitō Akari,Silence,"Barbara Pegg (Genshin Impact), Siluca Meletes (Grancrest Senki), Kotoko Iwanaga (In/Spectre), Tsukasa Yuzaki (Tonikaku Kawaii), Valkyrie (Valkyrie Elysium), Seiun Sky (Uma Musume Pretty Derby), Nezuko Kamado (Demon Slayer: Kimetsu no Yaiba), Illnott (Granblue Fantasy), Seriad (Gran Saga), Erice Utsumi (Fate Requiem & Fate Grand Order), Rola (Shadowverse), Aiba (AI: The Somnium Files), Kaho Hinata (Blend S), Kanata Konoe (Love Live! Nijigasaki High School Idol Club), Sakura Adachi (Adachi to Shimamura)"
67,Kobayashi Chikahiro,Totter,"Ranga (That Time I Got Reincarnated into A Slime), Tristan (Gran Saga), Kaito Sumeragi (Scarlet Nexus), Sugimoto Saichi (Golden Kamuy), Legoshi (Beastars), Lang Rangler (JoJo's Bizarre Adventure: Stone Ocean), Von Lycaon (Zenless Zone Zero), Male V (Cyberpunk 2077), Rikuo Uozumi (Sing Yesterday For Me), Tatsuya Fukuda (Aoashi), Bruno Bangnyfe (Burn The Witch), Marcus Pietras (Therma Romae Novae), Goto Saiki (Tsukihime (2021))"
68,Kobayashi Sanae,Saga,"Lucy (Elfen Lied), Asuka Tenjoin/Alexis Rhodes (Yu-Gi-Oh! GX), Allen Walker (D.Gray-Man), Pai (.hack), Akira Toya (Hikaru no Go), Crysta Snowpigeon (Heart no Kuni no Alice), Young Aglovale (Granblue Fantasy), Cecillia Adlehyde (Wild Arms Alter Code F), Ahri (League of Legends), Natsumi Raimon (Inazuma Eleven), Tighnari (Genshin Impact)"
69,Kobayashi Yū,Waai Fu,"Lucina (Fire Emblem), Mahiru Koizumi (Super Danganronpa 2), Valdi (Xenoblade Chronicles 3), Run Ru (Fate Extra), Zoe Baker (Resident Evil 7), Silvia (To Aru Majutsu no Index), Athena (Gran Saga), Enkidu (Fate Grand Order), Vi (Arcane & League of Legends), Testament (Guilty Gear Strive), Therese (Granblue Fantasy), Ruri Tsukiyono (Digimon Ghost Game), Katsuragi (Senran Kagura), Dan Kouzo (Bakugan), Setsuna Sakurazaki (Mahou Sensei Negima), Sasha Blouse (Attack on Titan), Ayame Sarutobi (Gintama)"
70,Kobayashi Yūsuke,Lumen,"Subaru Natsuki (Re:ZERO), Senku Ishigami (Dr.Stone), Zato, Baldor (Gran Saga), Majic Lin (Sorcerous Stabber Orphen), Kou, The Hanged Man (Granblue Fantasy), Yuri Drewes (The Saint Magic Power is Omnipotent), Caules Forvedge (Fate series), Dino (That Time I Got Reincarnated as a Slime), Lasswell (Final Fantasy Brave Exvius), Werewolf Cookie (Cookie Run: Kingdom), Soujurou Shizuki (Mahoutsukai no Yoru), Byleth (male) (Fire Emblem: Three Houses), Arthur Boyle (Fire Force)"
71,Kohara Riko,Mulberry,"Rokka ""LOCK"" Asahi (BanG Dream!), Gekkou (Senran Kagura), Misa Aoi (Kandagawa Jet Girls)"
72,Kondō Reina,Folinic,"Hiori Kazano (THE IDOLM@STER Shiny Colors), Aru Rikuhachima (Blue Archive), Sakura Kono (Horimiya), Trung Trac (Fate Grand Order), Enoki Yukigaya (Tribe Nine), Anzu Iyojima (Yuki Yuna is a Hero: A Sparkling Flower), IJN Kashino (Azur Lane), Athena Pierce (MapleStory), Nagomi Wahira (Akiba Maid War)"
73,Konishi Katsuyuki,SilverAsh,"Diavolo/King Crimson (Jojo's Bizarre Adventure: Golden Wind), Amidamaru (Shaman King), Tom Tanaka (Durarara! series), Tsumugu Kinagase (Kill la Kill), Kotaro Amon (Tokyo Ghoul), Kamina (Tengen Toppa Gurren Lagann), Asura (Onmyouji), Blood Dupre (Heart no Kuni no Alice), Alfred (Bloodborne), Olberic Eisenberg (Octopath Traveler), Shori Shibuya (Kyo Kara Maoh), Beelzebub (Granblue Fantasy), Hien (Final Fantasy XIV), Ranzal, Luther (Dragalia Lost), Lloyd Irving (Tales of Symphonia), Poseidon (Gran Saga), Guy Bannings (Legend of Heroes: Ao no Kiseki and Zero no Kiseki), America, Canada (Hetalia), Tanktop Master (One Punch Man), Komui Lee (D.Gray-man), Tatsumi Oga (Beelzebub), Tengen Uzui (Demon Slayer: Kimetsu no Yaiba), Dreyfus (Seven Deadly Sins), Maxima (The King of Fighters series), Hubert von Vestra (Fire Emblem: Three Houses), Laxus Dreyar (Fairy Tail)"
74,Kondō Takashi,Executor,"Suigetsu, Shin Uchiha, Indra (Naruto), Train Heartnet (Black Cat), Hibiki Lates (Fairy Tail), Terry Bogard (The King of Fighters), Ludger Will Kresnik (Tales of Xillia 2), Faust, Potemkin (Guilty Gear), Kogitsunemaru (Touken Ranbu), Leopold Scorpus (Scrapped Princess), Lass (Grand Chase), Nehan (Granblue Fantasy), Kyouya Hibari/Alaude/Fon (Katekyo Hitman REBORN!)"
75,Koshimizu Ami,"Projekt Red, Zima","Ibuki Mioda (Super Danganronpa 2), Kallen Kozuki (Code Geass), Caren C Ortensia (Fate series), Queen (Final Fantasy Type-0), Holo (Spice & Wolf), Inferni, Zeus (Gran Saga), Makoto Kino/Sailor Jupiter (Sailor Moon Crystal), Luca Trulyworth (Ar Tonelico 2: Melody of Metafalica), Sofia (Punishing: Gray Raven), Alexandria (Xenoblade Chronicles 3), Shizuri Mugino (To Aru Majutsu no Index), Timerra (Fire Emblem Engage), Zoeey (Granblue Fantasy), Holo (Spice & Wolf), Foran (Another Eden), Eleanor Hume (Tales of Berseria), Musse Egret/Claire Rieveldt (The Legend of Heroes: Trails of Cold Steel), Ryuko Matoi (Kill la Kill), Alexandria (Xenoblade Chronicles 3), Sirius (My Hero Academia), Spider Demon Mother (Demon Slayer: Kimetsu no Yaiba), Yukiko Amagi (Persona 4), Beidou (Genshin Impact), Centaureissi (Neural Cloud), Mai Shiranui (from The King of Fighters: Sky Stage onwards), Young Rock Howard (The King of Fighters: Destiny), Yang Xiaolong (RWBY), Milady (Soul Hackers 2)"
76,Kouno Marika,La Pluma,"Silence Suzuka (Uma Musume: Pretty Derby), Petra Leyte (Re:Zero), Enyo (Granblue Fantasy), Ako Amau (Blue Archive), Consul/Moebius X (Xenoblade Chronicles 3), Tsugumi Nazar (Scarlet Nexus), Fairy Knight Lancelot/Melusine (Fate/Grand Order), Nina (Beast Tamer)"
77,Koyama Rikiya,Młynar,"Kiritsugu Emiya (Fate series), Soriz (Granblue Fantasy), Kogoro Mouri (Detective Conan), Yamato (Naruto Shippuden), Markus Vaughn (Trauma Center: New Blood), Coyote Starrk (Bleach), Duke Pantarei (Tales of Vesperia), Abe no Seimei (Nurarihyon no Mago), Yukichi Fukuzawa (Bungou Stray Dogs), Joichiro Yukihira (Shokugeki no Soma), Dagruel (That Time I Got Reincarnated as a Slime), Shinjuro Rengoku (Kimetsu no Yaiba), Bertrand (Another Eden), Taiga Saejima (Yakuza/Ryu ga Gotoku series), Gabriel (Star Ocean: The Second Evolution), Basch fon Ronsenburg (Final Fantasy XII), Cid Garlond (Final Fantasy XIV), Ignis Ex (Promare)"
78,Kubo Yurika,Croissant,"Loki (Danmachi), Kikyo Kushida (Classroom of the Elite), Cocoa Cookie (Cookie Run: Kingdom), Kaede Azusagawa (Rascal Does Not Dream of Bunny Girl Senpai), Hanayo Koizumi (Love Live!)"
79,Kubota Risa,Lunacub,"Rosetta (Lapis Re:Lights), Iu Shindo (I'm Standing On A Million Lives), Roko Sekino (Dropout Idol Fruit Tart), Amame Doi (AI: The Somnium Files - Nirvana Initiative)"
80,Kugimiya Rie,Irene,"Shana (Shakugan no Shana), Louise Françoise Le Blanc de La Vallière (The Familiar of Zero), Aria Holmes Kanzaki (Aria the Scarlet Ammo), Vyrn, Twin Elements, Vania, Afaka (Granblue Fantasy), Unknown God (Genshin Impact), Vania (Dragalia Lost), Marta Lualdi (Tales of Symphonia), Alice Liddell (Heart no Kuni no Alice (film)), Alphonse Elric (Fullmetal Alchemist Brotherhood), Karin Kurosaki, Nemu Kurotsuchi (Bleach), Hotaru Imai (Gakuen Alice), Rise Kujikawa (Persona 4), Little Princess/Future Princess (Guardian Tales), Cleopatra, Oda Nobunaga (Fate Grand Order), Palom & Porom (Final Fantasy IV), Annie (League of Legends), Nagi Sanzenin (Hayate no Gotoku), KeA Bannings (The Legend of Heroes: Trails from Zero and Trails to Azure), Juniper (Xenoblade Chronicles 3), Iori Minase (The iDOLM@STER), Happy (Fairy Tail), Haruka Sawamura (Yakuza/Ryu ga Gotoku series), Kiana Kaslana (Honkai Impact 3rd), Kagura (Gintama), Taiga Aisaka (Toradora!)"
81,Kurosawa Tomoyo,"Amiya, Amiya (Guard)","Miria Akagi (The iDOLM@STER Cinderella Girls), Kumiko Oumae (Hibike! Euphonium), Phosphophyllite (Land of the Lustrous), Misaki Okusawa, Michelle (BanG Dream!), Physalis (Final Fantasy Brave Exvius), Meg (Granblue Fantasy), Saya (Wandering Witch: The Journey of Elaina), Tsuki Watanabe (Love Live! Sunshine!! The School Idol Movie Over The Rainbow), Shiipon (Akiba Maid War), Mizuki Okiura (AI: The Somnium Files), Ringo (Soul Hackers 2), Rebecca (Cyberpunk: Edgerunners)"
82,Kurose Yūko,Click,"Kouko Nosa (High School Fleet), Kumakyuu (Kuma Kuma Kuma Bear)"
83,Kusunoki Taiten,Sharp,"Georg Carmine (How a Realist Hero Rebuilt the Kingdom), Ibiki Morino (Naruto), Captain Leonard Burns (Fire Force), The Black King (Drifters), Rude (Final Fantasy VII), Genichirou Sanada (The Prince of Tennis), Nagoriyuki (Guilty Gear Strive), Optimus Prime (Transformers: Robots In Disguise), Cammuravi (Xenoblade Chronicles 3), Eso (Granblue Fantasy), Andrius (Genshin Impact), Marduk (Aether Gazer)"
84,Kuwahara Yūki,Sideroca,"Tohru (Miss Kobayashi's Dragon Maid), Gareth (Fate Grand Order), Kohaku (Tsukihime), Hilda Valentine Goneril (Fire Emblem: Three Houses), Yue (Arifureta: From Commonplace to World's Strongest)"
85,Kuwashima Hōko,Eunectes,"Sango (Inuyasha), Presea Combatir (Tales of Symphonia), Seong Mina (Soul Calibur series), Petra (Granblue Fantasy), Clare (Claymore), Fuyuki Hinata (Sergeant Keroro), Hong Shurei (Saiunkoku Monogatari), Tomoyo Sakagami (Clannad), Medusa (Soul Eater), Soifon (Bleach), Isara Gunther (Valkyria Chronicle), Mavelle Froesson (Star Ocean: The First Departure), Yoshitsune (Dragalia Lost), Ries Argent (Legend of Heroes Trails in the Sky TC), Primrose Azelhart (Octopath Traveler), Celes Chere (Final Fantasy VI), Kasumi (Dead or Alive 3 onwards), Maron Kusakabe (Kamikaze Kaitou Jeanne), Flay Allster (Gundam SEED)"
86,Matsuoka Yoshitsugu,Arene,"Kazuto Kirigaya/Kirito (Sword Art Online), Soma Yukihira (Shokugeki no Soma), Law (Tales of Arise), Therion (Octopath Traveler), Flat Escardos (The Case Files of Lord El-Melloi), Lass Isolet (Grand Chase for Kakao), Fandaniel, Amon, Hermes (Final Fantasy XIV), Chat Noir, Baldr (Granblue Fantasy), Herb Cookie (Cookie Run: Kingdom), Emile, Hope (Dragalia Lost), Lee (Punishing Gray Raven), Inosuke Hashibira (Demon Slayer: Kimetsu no Yaiba), Bell Cranel (Danmachi), Sora (No Game No Life), Futaro Uesugi (The Quintessential Quintuplets), Shota Mitarai (The IDOLM@STER SideM), Xiao (Genshin Impact)"
87,Midorikawa Hikaru,"Gnosis, THRM-EX","Heero Yuy (Gundam Wing), Kaede Rukawa (Slam Dunk), Tamahome (Fushigi Yuugi), Zecilwenshe & Albert (Shadowverse), Albert, Freyr (Granblue Fantasy), Eiichi Otori (Uta no Prince Sama), Ichimoku Ren (Onmyouji), Garou (One Punch Man), Seiran Si (Saiunkoku Monogatari), Soma Cruz (Castlevania: Aria of Sorrow & Dawn of Sorrow), Zelgadis Greywords (Slayers), Firion (Final Fantasy II), Tenshinhan, Android 16 (Dragon Ball Kai onwards), Leon Magnus (Tales of Destiny), Judas (Tales of Destiny II), Fei Fong Wong (Xenogears), Tokiya Mikagami (Flame of Recca), Akihiko Sanada (Persona 3), Leonhardt (Legend of Heroes Trails in the Sky SC), Diarmuid Ua Duibhne, Red Hare (Fate series), Sakamoto (Haven't You Heard?! I'm Sakamoto), Marth (Fire Emblem)"
88,Miki Shin-ichiro,Lee,"Takumi Fujiwara (Initial D), Kojirou/James, Misty's Staryu, Brock's Zubat, Ash's Charizard (Pokémon), Gunther, The Star (Granblue Fantasy), Lucifer (Star Ocean: The Second Evolution), Sanada Yukimura (Nioh), Millenial Tree Cookie (Cookie Run: Kingdom), Blade (Honkai Star Rail), Kuhn (.hack//GU), Youji Kudou (Weiß Kreuz), Roy Mustang (Fullmetal Alchemist: Brotherhood), Urahara Kisuke (Bleach), Creed Graphite (Tales of Hearts), Rudy (Seven Knights), Zenkichi Hasegawa (Persona 5 Strikers), Lucifer (Shin Megami Tensei III: Nocturne HD Remaster and Shin Megami Tensei V), Tanjuro Kamado (Kimetsu no Yaiba), Creed Diskenth (Black Cat), Lockon Stratos (Mobile Suit Gundam 00), Aikuro Mikisugi (Kill la Kill), Deishuu Kaiki (Monogatari Series), Teacher (Reincarnated as a Sword), Paracelsus von Hohenheim, Sasaki Kojiro, Leonidas I, Fionn mac Cumhaill (Fate series), Randolph Orlando (The Legend of Heroes: Trails from Zero and Trails to Azure)"
89,Mimori Suzuko,Fartooth,"Hikari Kagura (Shoujo Kageki Revue Starlight), Umi Sonoda (Love Live!), Sherlock Shellingford (Milky Holmes), Galleon (Granblue Fantasy), Female Lord (Lord of Heroes), Ezo Red Fox (Kemono Friends), Melissa (Shadowverse), M1A1 and Type 92 (Girls' Frontline), Hiyoko Saionji (Super Danganronpa 2), Kokomi Sangonomiya (Genshin Impact), Kafka and Michael (Alchemy Stars)"
90,Minagawa Junko,"Bison, Catapult","Mereoleona Vermillion (Black Clover), Cornelia li Britannia, Shin Hyuga (Code Geass), Xiao (Darker than Black), Yun (Akatsuki no Yona), Haruka Tenoh/Sailor Uranus (Sailor Moon Crystal), Ada Wong (Resident Evil series), Khamsin Nbh'w (Shakugan no Shana), Ryoma Echizen (Prince of Tennis), Loki (Bayonetta 2), Incarose (Tales of Hearts), Cosmos (Granblue Fantasy), Ayaka Yukihiro (Negima & UQ Holder), Wazy Hemisphere (The Legend of Heroes: Trails from Zero and Trails to Azure), Young Jamil (Magi: Labyrinth of Magic), Nagi/Uzuko (Akiba Maid War), Xingqiu (Genshin Impact)"
91,Minase Inori,Archetto,"Itsuki Nakano (The Quintessential Quintuplets), Rem (Re:Zero), Laxi (Dragalia Lost), Aenea & Dionne (Shadowverse), Thillelille (Another Eden), Reines El-Melloi Archisorte, Sima Yi (Fate series), Dark Feena (Final Fantasy Brave Exvius), Rien (Gran Saga), Agnea Bristarni (Octopath Traveler 2), Jeanne (The Case Study of Vanitas), Somali (Somali & The Forest Spirit), Tsubasa Oribe (Tokyo Mirage Sessions #FE), Iroha (Final Fantasy XI), Diantha (Granblue Fantasy), Altina Orion (The Legend of Heroes: Trails of Cold Steel), Hestia (Danmachi), Kafuu Chino (Is the Order a Rabbit?), Meteora Österreich (Re:Creators)"
92,Miyake Marie,Purestream,"Ringo Oginome (Mawaru Penguindrum), ROC Ning Hai (Azur Lane), Jade (Fire Emblem Engage), Tamaki Kasuga (Hiiro no Kakera), Nana Abe (The iDOLM@STER Cinderella Girls)"
93,Mizuhashi Kaori,"Lava, Lava the Purgatory, May","Mami Tomoe (Puella Magi Madoka Magica), Integra Hellsing (Hellsing OVA), Tio Plato (The Legend of Heroes: Trails from Zero and Trails to Azure), Shiori (InuYasha), Miss Crane (Fate Grand Order), Medusa (Shadowverse), Purple Thorn (Accel World), Minami Shimada (Baka & Test), Medusa (Granblue Fantasy), Akane Suzumiya (Rumbling Hearts), Ougi Oshino (Monogatari), Eirika (Fire Emblem Heroes), Kuki Shinobu (Genshin Impact)"
94,Mizuki Nana,Mostima,"Hinata Hyuga (Naruto), Vanessa Enoteca (Black Clover), Rebeca Streisand (Wild Arms V), Collette Brunel (Tales of Symphonia), Moka Akashiya (Rosario + Vampire), Nagao Kagetora (Fate Grand Order), Yufa (Ragnarok the Animation), Velik (TERA), Aoandon (Onmyouji), Rue (Princes Tutu), Jessica Sherawat (Resident Evil: Revelations), Claes Celestia Misuka Sansest (Final Fantasy Type 0), Saya Kisaragi (Blood-C), Rena Lanford (Star Ocean: The Second Evolution), Fate Testarossa (Magical Girl Lyrical Nanoha series), Sirenmon (Digimon Ghost Game), Utano Tadano (Uramichi Oniisan), Hannah (Manaria Friends & Granblue Fantasy), Misaki (Darker than Black), Ann Takamaki (Persona 5), Tsubasa Kazanari (Senki Zessho Symphogear)"
95,Mori Nanako,Dur-nar,"Akira Kenjo (Kirakira☆Precure A La Mode), Arlecchino (Genshin Impact), Merrin (Fire Emblem Engage), Sevia (Last Cloudia), Prince of Lanling (Fate/Grand Order), Hanako Arasaka (Cyberpunk 2077)"
96,Morikubo Showtaro,Elysium,"Shikamaru Nara (Naruto), Ginji Amano (GetBackers), Zakiel (Gran Saga), Spinnah (Granblue Fantasy), Kyouhei Takano (Yamato Nadeshiko Shichi Henge), Akaya Kirihara (The Prince of Tennis), Jak (Jak and Daxter), Ivar (Tales of Xillia & Xillia 2), Canas (Fire Emblem Heroes), Makoto Yuuki (Ensemble Stars), Ingway (Odin Sphere), Tensa Zangetsu (Bleach), Reiji Kotobuki (Uta no Prince Sama), Tetta Kisaki (Tokyo Revengers), Orphen (Sorcerous Stabber Orphen), Yosuke Hanamura (Persona 4), X, Dynamo (Mega Man X5 to X7, and Rockman X Dive), Kadaj (Final Fantasy VII: Advent Children), Miwa Taishi (Cardfight!! Vanguard)"
97,Morinaga Chitose,Bena,"Fumie Hyakuya (Seraph of the End), Umiko Ahagon (New Game!), Bradamante (Fate/Grand Order)"
98,Murakawa Rie,Absinthe,"Hotaru Ichijo (Non Non Biyori), Ram (Re:Zero), Yeon Nolbu (Gran Saga), Kagerou (Fire Emblem Fates), Escha Malier (Atelier Escha & Logy: Alchemists of the Dusk Sky), Melina (Another Eden), Shoebill (Kemono Friends), Akino Toudou (Princess Connect Re:Dive), Alisaie Leveilleur (Final Fantasy XIV), Najimi Osana (Komi-san Wa Komyushou Desu)"
99,Muranaka Tomo,Wild Mane,"Gau (Final Fantasy VI), Mora (Brave Frontier ReXona), Aki Yamato (iDOLM@STER Cinderella Girls)"
100,Murase Ayumu,Mizuki,"Shoyo Hinata (Haikyuu!!), Venti (Genshin Impact), Cartaphilius (The Ancient Magus' Bride), Hal, Ulamnuran (Granblue Fantasy), Old Child (Servamp), Setanta (Fate Grand Order Arcade), Irfan, Nicolas (Dragalia Lost), Leonard Wright Jr. (Helios Rising Heroes), Ungaikyou (Onmyouji), Kanon Himeno (The Idolmaster SideM), Astolfo Granatum (The Case Study of Vanitas), Iruma Suzuki (Welcome to Demon School Iruma-kun), Ryo Asuka (Devilman Crybaby), Ginro (Dr. Stone), Corvin/Kamuya (Xenoblade Chronicles 2), Soren and Gordin (Fire Emblem Heroes)"
101,Nabatame Hitomi,Gladiia,"Margery Daw (Shakugan no Shana), Saori Makishima (OreImo), Ailyth (Valkyrie Profile: Covenant of the Plume), Nanao Ise (Bleach), Yukiji Katsura (Hayate no Gotoku), Jolyne's Mother (JoJo's Bizarre Adventure: Stone Ocean), Windblade (Transformers: Robots In Disguise), Maria Torres (Trauma Team), Millie Chliette (Star Ocean: First Departure), Amy/Viola (Soul Calibur series), Catria, L'Arachel (Fire Emblem Heroes), Bazett Fraga McRemitz (Fate series), Raquel Applegate (Wild Arms IV), Mikoto Suou (School Rumble), Kan'u Unchou (Ikkitousen), Agent, M1887 (Girls' Frontline), Sena (Konosuba), Bastemon (Digimon Ghost Game), Symmetra (Overwatch, Japanese voice)"
102,Naganawa Maria,Weedy,"Platelet (Cells at Work!), Lydie Malen (Atelier Lydie and Suelle), Sig MCX / Savage 99 (Girls' Frontline), Komekko (Konosuba), Raspberry Cookie (Cookie Run: Kingdom), Wamdus (Granblue Fantasy), Nazuna Hiwatashi (BNA: Brand New Animal), Kanna Kamui (Miss Kobayashi's Dragon Maid), USS Laffey (Azur Lane)"
103,Nakahara Mai,Blaze,"Yu Kashima (Gekkan Shoujo Nozaki-kun), Europa (Granblue Fantasy), Rena (Dragalia Lost), Juvia Lockser (Fairy Tail), Estellisse Sidos Heurassein (Tales of Vesperia), Yggdra (Yggdra Union), Reika Rikudou (Fate Apocrypha), 9A-91 (Girls' Frontline), Nagisa Furukawa (Clannad), Ayano Tateyama (Mekakucity Actors), IJN Akagi (Azur Lane), Rena Ryuugu (Higurashi When They Cry)"
104,Nakai Kazuya,Mountain,"Roronoa Zoro (One Piece), Toshiro Hijikata (Gintama), Soma Schicksal (God Eater), Angoramon (Digimon Ghost Game), Iruga Alam (Ragnarok the Animation), Eustace (Granblue Fantasy), Domeki Shizuka, Domeki Haruka (xxxHOLIC), Date Masamune (Sengoku Basara), Travis Touchdown (No More Heroes series), Astram, Helbindi (Fire Emblem Heroes), Shinjiro Aragaki (Persona 3), Jade (Another Eden), Partitio Yellowil (Octopath Traveler 2), Gray Ringmarc (Heart no Kuni no Alice), Young Cu Chulainn, Beowulf (Fate Grand Order), Alex Dudley (Legend of Heroes: Ao no Kiseki and Zero no Kiseki), Raijin (Final Fantasy VIII), Wakka (Final Fantasy X), Gilgamesh (Final Fantasy V), Shigure Rangetsu (Tales of Berseria), Moses Sandor (Tales of Legendia), Jin Sakai (Ghost of Tsushima), Python (Neural Cloud), Mugen (Samurai Champloo)"
105,Nakajima Yui,Aciddrop,"Zeal (Seven Deadly Sins), Kanaka Amaya (Aiura), Hime Nonohara (Tokyo 7th Sisters: Bokura wa Aozora ni Naru)"
106,Nakamura Yūichi,Flamebringer,"Gray Fullbuster (Fairy Tail), Bruno Bucciarati (JoJo's Bizarre Adventure: Golden Wind), Tatsuya Shiba (The Irregular at Magic High School), Tomoya Okazaki (Clannad), Baron (Shadowverse), Kurt Irving (Valkyria Chronicles III), Gojo Satoru (Jujutsu Kaisen), Hotaro Oreki (Hyouka), Steeljaw (Transformers: Robots In Disguise), Shigure Soma (Fruits Basket (2021)), Inggrid (Gran Saga), Karamatsu Matsuno (Mr. Osomatsu), Krervo (Another Eden), Xander, Joe (Dragalia Lost), Hazama/Yuki Terumi (BlazBlue series), David, Okita Souji Alter (With Rengoku skin) (Fate Grand Order), Tsukimiya Ringo (Uta no Prince Sama), Thancred Waters (Final Fantasy XIV), Sieghart (Final Fantasy Brave Exvius), Ravus Nox Fleuret (Final Fantasy XV), Cid Raines (Final Fantasy XIII), Trey (Final Fantasy Type-0), Dion Lesage (Final Fantasy XVI), Romeo, Tsubasa (Granblue Fantasy), Gilgamesh (Fate/protoype), Ryoma (Fire Emblem Fates, Heroes & Warriors), Kazuma Asougi (The Great Ace Attorney: Adventures), Rufus (Valkyrie Profile: Silmeria), Umetarou Nozaki (Gekkan Shoujo Nozaki-kun), Kuroo Tetsurou (Haikyuu), Hawks (My Hero Academia), Kyosuke Kousaka (OreImo), Koji Kashin (Boruto), Malos (Xenoblade Chronicles 2), Joon-gi Han (Yakuza 6: The Song of Life and Yakuza: Like a Dragon), Daybreak (Spy x Family)"
107,Nakano Saima,Tuye,
108,Nazuka Kaori,Astesia,"Nunnally Lamperouge/vi Britannia (Code Geass), Eureka (Eureka Seven), Lynette Bishop (Strike Witches), Shino (.hack G.U series), Mai Taniyama (Ghost Hunt), Protagonist (Amnesia), Uta (One Piece), Totoria Helmold (Atelier Totori: The Alchemist of Arland), Ange Serena (Tales of Innocence), Kiyoko Shimizu (Haikyuu), Chiyo, Mayuki (Gran Saga), Hinoka (Fire Emblem Fates), Flower Girl Bari (Guardian Tales), Totoria Helmold (Atelier Totori: Alchemist of Arland 2), Pomegranate Cookie (Cookie Run: Kingdom), Pearl (Legend of Mana: The Teardrop Crystal), Charlotta (Granblue Fantasy), Spinaria (Shadowverse), Tsubaki Nakatsukasa (Soul Eater), Miyu Edelfelt (Fate/Kaleid Liner Prisma Illya), Hibiki Nekozuka (Blue Archive)"
109,Nishida Nozomi,Ambriel,"Makina Nakajima (Macross Delta), Satori Tamba (Armed Girl's Machiavellism), Tsubasa Arihira (Hachigatsu no Cinderella Nine)"
110,Nogami Shō,Minimalist,"Suguru Doujima (Yagate Kimi ni Naru), Shiki Iseya (The IDOLM@STER SideM), Georg (Highschool DxD Hero)"
111,Nonaka Ai,Glaucus,"Kyoko Sakura (Puella Magi Madoka Magica), HK416 (Girls' Frontline), Myunfa (Another Eden), Frankenstein's Monster, Nursery Rhyme, Mary Read, Medea Lily (Fate series), Karteira (Granblue Fantasy), Towa Kokonoe (Tokyo Xanadu), Renee Kearse (Mana Khemia: Alchemist of Al-Revis), Cinnamon (Mega Man X: Command Mission), Towa Herschel (The Legend of Heroes: Trails of Cold Steel), Tora (Xenoblade Chronicles 2), Honoka (Dead or Alive)"
112,Noda Junko,Blacknight,"Mitsune Konno (Love Hina), Reki (Haibane Renmei), Veemon (Digimon Adventure 02), Young Shirou Emiya (Fate series), Momoko Hoshino (Major), Dio Eraclea (Last Exile)"
113,Noto Mamiko,Reed,"Tiffania Westwood (The Familiar of Zero), Ai Enma (Jigoku Shoujo), Mavis Vermillion (Fairy Tail), Rinko Jerrard (The Law of Ueki), Jun Kazama (Tekken), Fuuka Yamagishi (Persona 3), Lennah (Granblue Fantasy), Catherine (Catherine: Full Body), Elana (Shadowverse), Mistrare (Another Eden), Beverly, Sariel (Alchemy Stars), Garnet Til Alexandros IX/Dagger (Final Fantasy IX), Altera/Scathach/Brynhildr/Scathach-Skadi (Fate series), Fujino Asagami (Kara no Kyoukai), Yukako Yamagishi (Jojo's Bizarre Adventure: Diamond is Unbreakable), Ciel Alençon (God Eater 2), UMP9 (Girls' Frontline), Sawako Kuronuma (Kimi ni Todoke)"
114,Ogura Yui,Rosmontis,"Priestess (Goblin Slayer), Feri Al-Fayed (The Legend of Heroes: Kuro no Kiseki), Tsukiko Tsutsukakushi (HenNeko), Komurasaki (Unbreakable Machine-Doll), Amatsukaze (Kantai Collection), Luna (Shadowverse), Rom (Neptunia series), Eve (Gran Saga), Manhattan Cafe (Uma Musume Pretty Derby), Shiroko Sunaookami (Blue Archive), Minori Hanasato (Project Sekai), March 7th (Honkai: Star Rail), Croque (Neural Cloud)"
115,Ohara Sayaka,"Penance, Tsukinogi","Beatrice (Umineko no Naku Koro ni), Erza Scarlet (Fairy Tail), Yuko Ichihara (xxxHolic), Ningguang (Genshin Impact), Michiru Kaioh/Sailor Neptune (Sailor Moon Crystal), Titania (The Ancient Magus' Bride), Elsie Crimson (Edens Zero), Yomei Higanbana (Onmyouji), Ine Makigami (Air Gear), Masaki Kurosaki (Bleach), Margaret (Persona 4), Aisha (Gran Saga), Selvaria Bles (Valkyria Chronicles III), Livia Sas Junius (Final Fantasy XIV), Mikoto (Fire Emblem Fates), Frost Queen Cookie (Cookie Run: Kingdom), Arshtat, Leknaat, Hazuki, Sharmista (Suikoden V), Consul/Moebius O (Xenoblade Chronicles 3), Sakuya Tachibana (God Eater), Magisa (Granblue Fantasy), Hilda Rhambling (Tales of Rebirth), Irisviel von Einzbern (Fate/Zero), Mercy (Overwatch, Japanese voice)"
116,Ōhashi Ayaka,Angelina,"Uzuki Shimamura (The IDOLM@STER Cinderella Girls), Ran Shibuki (Aikatsu!), Saya Yamabuki (BanG Dream!), Lid (Final Fantasy Brave Exvius), Kurome (Akame ga Kill!)"
117,Ōhashi Ken'ichirō,Vigil,"Jaden Yuki (Yu-Gi-Oh GX), Urianger Agurelt (Final Fantasy XIV), Harle, Karl (Dragalia Lost), Kayn (League of Legend), Apollo Justice (Phoenix Wright: Ace Attorney - Dual Destinies & Spirit of Justice), Patroklos Alexander (Soul Calibur V), Hummel Trabaldo (Ys VIII: Lacrimosa of Dana), Akihito Kanbara (Beyond the Boundary), Berenice Gabrielli (Bleach: Thousand Year Blood War), Fogato (Fire Emblem Engage), Ojelo Gabel (Mobile Suit Gundam: The Witch from Mercury), Toya Setsuno (My Hero Academia), Kamanue (Kimetsu no Yaiba), Kazuma Mikura (Air Gear), Perceval/Vasara (Xenoblade Chronicles 2), David Martinez (Cyberpunk: Edgerunners), Krohnen McDougall (The King of Fighters XV)"
118,Ono Kensho,Enforcer,"Tetsuya Kuroko (Kuroko's Basketball), Yuri Briar (Spy x Family), Vaan (Final Fantasy XII), Knight Cookie (Cookie Run: Kingdom), Ryunosuke Akutagawa (Bungou Stray Dogs), Baal, Ayer (Granblue Fantasy), Mont Leonis (Final Fantasy Brave Exvius: War of the Visions), Marion Blythe (Helios: Rising Heroes), Arata Kaizaki (Re:LIFE), Giorno Giovanna (JoJo's Bizzare Adventure: Golden Wind), Hakuryu Ren (Magi: The Labyrinth of Magic), Yuya Sakaki (Yu-Gi-Oh! Arc-V), Slaine Troyard (Aldnoah.Zero), Mikaela Hyakuya (Seraph of the End), Diluc (Genshin Impact)"
119,Ono Ryōko,Robin,"Airi Sena (Mashiroiro Symphony), Sasara Kusugawa (To Heart 2), Mirajane Strauss (Fairy Tail)"
120,Ono Yūki,Sesa,"Josuke Higashikata (JoJo's Bizarre Adventure: Diamond is Unbreakable), Taiga Kagami (Kuroko's Basketball), Eclair Cookie (Cookie Run: Kingdom), Richard I (Fate/strange fake), Bazz-B (Bleach: Thousand Year Blood War), Louis (Beastars), Clayton (Gran Saga), John H. Watson (Moriarty The Patriot), HAwkeye (Trials of Mana), Locke Cole (Final Fantasy VI), Tetsu Sendagaya (Servamp), Touma Akagi (Tokyo Mirage Sessions #FE), Alciel/Shiro Ashiya (Hataraku Maou Sama), Koga Oogami (Ensemble Stars), Talion Drake (Legend of Heroes: Trails of Cold Steel - North War), Kamui (Sousei no Onmyouji), Yusuke Igarashi (Kiss Him, Not Me), Kazuichi ""Pin"" Arai (Kimi ni Todoke), Haku/Gavin/Bai Qi (Mr Queen's Love Choice), Masayuki Hori (Gekkan Shoujo Nozaki-kun), Gran, Lancelot (Granblue Fantasy)"
121,Orikasa Fumiko,Fiammetta,"Chun-Li (from Street Fighter IV onwards), Rukia Kuchiki (Bleach), Shirley Fenette (Code Geass), Ruki Makino (Digimon Tamers), Lady (Devil May Cry), Black Raisin Cookie (Cookie Run: Kingdom), Shannon (Another Eden), Shelke Rui (Dirge of Cerberus: Final Fantasy VII), Riza Hawkeye (Full Metal Alchemist: Brotherhood), Meyrin Hawke (Mobile Suit Gundam Seed Destiny), Lotte Yanson (Little Witch Academia), Kanade Minamino aka. Cure Rhythm (Suite PreCure)"
122,Ōsaka Ryōta,Ebenholz,"Maou Sadao (The Devil is a Part Timer!), Nariyuki Yuiga (We Never Learn), Keiji Akaashi (Haikyuu!), Fang (Fairy Fencer F), Bennett (Genshin Impact), Yuell (World Flipper), Ryu Yamada (Yamada-kun and The Seven Witches), Blue (Pokemon Masters), Zekus (Last Cloudia), Ledin (Langrisser I & II), Ibara Saegusa (Ensemble Stars), Shishiou (Touken Ranbu), Kevin (Trials of Mana), Nagate Tanikaze (Knights of Sidonia), Ryota Watari (Your Lie in April), Haruto Tokishima (Valvrave The Liberator), Jun Sakurada (Rozen Maiden), Wrath (So I'm a Spider, So What?), Haruto Kaguragi/Lee Seha (Closers (anime), Chat Noir/Adrian Agreste (Miraculous Ladybug), Faris (Dragalia Lost), Gyutaro (Demon Slayer: Kimetsu no Yaiba), Zeon (Xenoblade Chronicles 3), Mikleo (Tales of Zestiria), Adventurer Cookie (Cookie Run: Kingdom), Eijun Sawamura (Ace of Diamond), Percival, Madl (Granblue Fantasy)"
123,Ōsaki Chiyo,Popukar,
124,Ōshita Natsumi,Highmore,
125,Ōtsu Airi,"Matoimaru, Orchid","Monica Ultello (JoJo's Bizzare Adventure: Golden Wind), Draco (Monster Musume no Iru Nichijou), Mimi Toumatsu (High School Fleet), Maria Rasputin (Märchen Mädchen)"
126,Ōwada Hitomi,Mint,"Nia (Xenoblade Chronicles 2 and 3), Tsubame Narumi (New Game!), Klaudia Valentz (Atelier Lulua and Ryza), Midori Imai (Shirobako), Abigail Williams (Fate/Grand Order)"
127,Rū Tin,"Firewatch, Haze","Rei Takanashi (Alice Gear Aegis), Syuko Shiomi (The IDOLM@STER Cinderella Girls)"
128,Saitō Ayaka,Vermeil,"Ruby (Jewelpet), Momiji Soma (Fruits Basket), Mofurun (Mahoutsukai Precure!), Mitsukuni ""Honey"" Haninozuka (Ouran High School Host Club)"
129,Saitō Chiwa,Mayer,"Homura Akemi (Puella Magi Madoka Magica), Aoi Asahina (Danganronpa), Hitagi Senjougahara (Monogatari series), De La Fille (Granblue Fantasy), Natsumi Hinata (Sgt Keroro), Maria Renard (Castlevania: Harmony of Despair), Metis (Persona 3 FES), Taokaka (Blazblue series), Chloe von Einzbern (Fate/kaleid liner Prisma Illya), Origa (Dragalia Lost), Tamamo-no-mae, Koyanskaya of Light, Koyanskaya of Darkness, Chevalier D'Eon, Boudica (Fate series), Elaine Auclair (The Legend of Heroes: Kuro no Kiseki), Yona (Akatsuki no Yona), Patty Fleur (Tales of Vesperia), Jean (Genshin Impact), Sombra (Overwatch, Japanese voice)"
130,Saitō Sōma,Leonhardt,"Tatsumi (Akame ga Kill!), Feather (Granblue Fantasy), Tsurumaru Kuninaga (Touken Ranbu), Rion Balthazar (Legend of Heroes: Kuro no Kiseki), Yoshikazu Miyano (Sasaki & Miyano), Adlet Mayer (Rokka no Yuusha), Kenshin Himura (Rurouni Kenshin (2023)), Lie Ren (RWBY: Ice Queendom), William James Moriarty (Moriarty the Patriot), Tenn Kujo (IDOLISH7), Adam (Record of Ragnarok), Lan Jingyi (Mo Dao Zu Shi/The Untamed), Lann (World of Final Fantasy), Kirschtaria Wodime (Fate Grand Order), Vinegar Doppio (Jojo's Bizarre Adventure: Golden Wind), Chongyun (Genshin Impact)"
131,Saitō Yuka,Cantabile,"Tamamo Sakuraba (Daitoshokan no Hitsujikai), Tae Takemi (Persona 5), Subaru Nagoyoshi (The IDOLM@STER Million Live!)"
132,Sakura Ayane,"Goldenglow, Nearl, Nearl the Radiant Knight","Cocoa Hoto (Is The Order A Rabbit?), Various characters in Kantai Collection, notably Shimakaze, Naka, and Nagato, Iroha Isshiki (My Teen Romantic Comedy SNAFU), Ran Mitake (BanG Dream!), Lin You (Dragalia Lost), Elza (Brave Frontier ReXona), Eleonora Yumizuru (Tokyo Mirage Sessions #FE), Yae Miko (Genshin Impact), Yuna Azetta (Tales of Crestoria), Yae Sakura (Honkai Impact 3rd), Minerva, Julia, Eleonora (Fire Emblem Heroes), Ruina, Yuna (Another Eden), Mario Gallo Bestino (Tsukihime (2021)), Kumiho Cookie (Cookie Run: Kingdom), Clarisse (Granblue Fantasy), Tsubaki Sawabe (Your Lie in April), Bort (Land of the Lustrous), Ochaco Uraraka (My Hero Academia), Yotsuba Nakano (The Quintessential Quintuplets), Fiona Frost (Spy x Family), Mono (""Shadowverse""), Queen Medb, Miyamoto Musashi, Mochizuki Chiyome (Fate/Grand Order)"
133,Sakura Kaoru,Andreana,"Chitose Kurosaki (The Idolmaster Cinderella Girls), Elle (Shoujo Kageki Revue Starlight: RE LIVE), Isabelle (Shadowverse)"
134,Sakurai Takahiro,Passenger,"Haseo (.hack), Rohan Kishibe (JoJo's Bizarre Adventure: Diamond is Unbreakable and Thus Spoke Kishibe Rohan), Giyu Tomioka (Demon Slayer: Kimetsu no Yaiba), Crow Armbrust (The Legend of Heroes: Trails of Cold Steel), Cloud Strife (Final Fantasy VII), Lucifer, Lucio, Lucillius, Helel ben Sahar, Shao, Black Beast, Bobo (Granblue Fantasy), Leif, Orion (Dragalia Lost), Sasori (Naruto), Shion (Another Eden), Esker (King's Raid), Orta (Gran Saga), Albert Hawke (The Saint Magic Power is Omnipotent), Yuri Shibuya (Kyo Kara Maoh), Reigen Arataka (Mob Psycho 100), Jenos Hazard (Black Cat), Kazuya Miyuki (Ace of Diamond), Zombieman (One Punch Man), Fakir (Princess Tutu), Ayame Soma (Fruits Basket (2019)), Patry/Licht (Black Clover), F Scott Fitzgerald (Bungou Stray Dogs), Griffith (Berserk), Diablo (That Time I Got Reincarnated as a Slime), Geto Suguru (Jujutsu Kaisen), Sting Eucliffe (Fairy Tail), X (Megaman X series from X8 onwards), Jin (Xenoblade Chronicles 2), Ashley Winchester (Wild Arms II), Suzaku Kururugi (Code Geass), Medicine Seller (Mononoke), Asbel Lhant (Tales of Graces), Jonathan Morris (Castlevania: Portrait of Ruin), Grøh (Soul Calibur VI), Eliwood (Fire Emblem Echoes: Shadows of Valentia and Fire Emblem Heroes), Lukas, Julius (Fire Emblem Heroes), Merlin, Arthur Pendragon (Fate series), Kurasame Susaya (Final Fantasy Type-0), Arihiko Inui (Tsukihime), Meme Oshino (Monogatari Series), Tentomon (Digimon Adventure), Guiche de Gramont (The Familiar of Zero), Ferid Bathory (Owari no Seraph)"
135,Sanpei Yūko,Aak,"Boruto Uzumaki (Boruto), Chizuru Yoshida (Kimi ni Todoke), Bud (Legend of Mana: The Teardrop Crystal), Tsubasa Ozora (Captain Tsubasa (2018)), Ryo Akizuki (The Idolmaster SideM), Taichi Yagami (Digimon Adventure (2020)), Philo (Another Eden), Furias (Granblue Fantasy), Manny Rivera/El Tigre (The Adventured of Manny Rivera), Renton Thurston (Eureka Seven), Mika (Genshin Impact)"
136,Sasahara Yu,Paprika,"Emilico (Shadows House), Akari Amano (Ms. Vampire Who Lives in My Neighbourhood), Curren Chan (Uma Musume Pretty Derby), Kirin (Azure Striker Gunvolt 3 & Gunvolt Chronicle: Luminous Avenger iX 2), Anisage (Shadowverse)"
137,Satō Gen,Qanipalaat,"Chrome (Dr Stone), Yo Kamori (Call of the Night), Ichibanboshi (Shine On! Bakumatsu Bad Boys!), Sosaku Yubiwa (Pretty Boys Detective Club), Saul (Fire Emblem Heroes)"
138,Satō Rina,"Skadi, Skadi the Corrupting Heart, Vulcan","Yukiko Kanzaki (Assassination Classroom), Lucille (""Shadowverse""), Matrona (Seven Deadly Sins), Rei Hino (Sailor Moon Crystal), Shura Kirigakure (Ao no Exorcist), Velvet Crowe (Tales of Berseria), Ange Ushiromiya (Umineko no Naku Koro Ni), Chihiro Senkawa (The Idolmaster Cinderella Girls), Mora Chester (Rokka no Yuusha), Hayato Kawajiri (JoJo's Bizarre Adventure: Diamond is Unbreakable), Dahlia Hawthorne, Sister Iris (Ace Attorney), Liliane Vehlendorf (Mana Khemia 2: Fall of Alchemy), Senjumaru Shutara (Bleach: Thousand Year Blood War), Amy (Another Eden), Lakshmibai (Fate Grand Order), Presa (Tales of Xillia), Ange Ushiromiya (Umineko), Feeva (Brave Frontier ReXona), Makoto Niijima (Persona 5), Yin / Rixia Mao (The Legend of Heroes: Trails from Zero and Trails to Azure), Misaka Mikoto (To Aru Kagaku Railgun), Eula (Genshin Impact), Tien/Esser (Granblue Fantasy), Vert/Green Heart (Neptunia series), Earhart, Magnhilda (Neural Cloud), Ranko Mannen (Akiba Maid War)"
139,Satō Satomi,Dorothy,"Tamura Manami (Oreimo), Runie (Shadowverse), Wendy Marvell (Fairy Tail), Queen of Sheba (Fate Grand Order), Female Corrin & Kanna (Fire Emblem Fates, Heroes & Warriors, Engage), Mizuki Shibata (The Irregular at Magic High School), Aria Shichijou (Seitokai Yakuindomo), Selena (Punishing: Gray Raven), Ara Han (Elsword), Eru Chitanda (Hyouka), Ritsu Tainaka (K-On!), Tsumugi Takanashi (IDOLiSH7), Chiya Ujimatsu (Is The Order A Rabbit?), Magilou (Tales of Berseria)"
140,Satō Takuya,"12F, Midnight","Kazutaka Shindo (Assassination Classroom), Lu Woh (Granblue Fantasy), Alphen (Tales of Arise), Machia Regnitz (Legend of Heroes: Trails of Cold Steel), Hot Rod (Transformers: Cyberverse), Oscar Bale (Helios Rising Heroes), Abel, Conrad (Fire Emblem Heroes), Caesar Zeppeli (JoJo's Bizarre Adventure), Shokudaikiri Mitsutada (Touken Ranbu), Yasushi Kamasaki (Haikyuu!)"
141,Sekine Akira,Heidi,"Raku Ichijou (young) (Nisekoi), Valerie (Legend of Mana: The Teardrop Crystal), Gudako/ Female Ritsuka Fujimaru (Fate Grand Order), Charlotte (Princess Principal)"
142,Sendai Eri,Toddifons,"Arika Amazake (Medarot), Toka Takanashi (Love, Chunibyo & Other Delusions), Tsubaki Kasugano (Future Diary), Rei Saotome (Yu-Gi-Oh! GX), Kurumi Mimino (Yes! Precure 5)"
143,Seto Asami,Ceobe,"Mai Sakurajima (Rascal Does Not Dream of Bunny Girl Senpai), Chihaya Ayase (Chihayafuru), Theodora (Gran Saga), Jessica, Azusa (Granblue Fantasy), Nobara Kugisaki (Jujutsu Kaisen), Shino Madarame (Bleach Thousand Year Blood War), Raphtalia (The Rising of the Shield Hero), IWS-2000, Contender (Girls' Frontline), Sara Kujou (Genshin Impact), Sumisora Tsubasa (""B-PROJECT""), Kasane Randall (Scarlet Nexus)"
144,Shimazaki Nobunaga,Tequila,"Kamui, Corrin (Fire Emblem Fates), Jamil (Granblue Fantasy), Shiloh (Legend of Mana: The Teardrop Crystal), Soma Yuki (Fruits Basket (2019) ), Haruka Nanase (Free!), Mahito (Jujutsu Kaisen), Maiser (Shadowverse), Manato (Grimgar of Fantasy and Ash), Garambarrel (Another Eden), Ollerus (To Aru Majutsu no Index), Wen Ning (Mo Dao Zu Shi/ The Untamed), Previous Student Council President (Kaguya-sama: Love Is War -Ultra Romantic-), Warrior of Light/Wol (Mobius Final Fantasy), Aldred, Barbatos (Dragalia Lost), Licht Jekylland Todoroki (Servamp), Clover Cookie (Cookie Run: Kingdom), Corax (Alchemy Stars), Eugeo (Sword Art Online: Alicization), Kazuha Kaedehara (Genshin Impact), Ritsuka Fujimaru, Edmond Dantes, Arjuna (Fate/Grand Order), Itsuka Shidou (Date A Live), Shinichi Izumi (Parasyte)"
145,Shimizu Risa,Shining,"Alune (League of Legends), Amira (Shingeki no Bahamut), Laura (Shadowverse), Female V (Cyberpunk 2077)"
146,Shimoda Asami,"Lancet-2, Vigna","Ami/Mami Futami (The iDOLM@STER), Nanaba (Attack on Titan), Lingyin Huang (Infinite Stratos), Karia Nevan (Tales of the Rays), Rin/Len Kagamine (Vocaloid)"
147,Shimoji Shino,Myrtle,"Homura/Pyra, Hikari/Mythra (Xenoblade Chronicles 2), Shionne (Tales of Arise), Karia (Tales of The Rays), Yuka Nakano (The Idolmaster Cinderella Girls), Nakayama Festa (Uma Musume: Pretty Derby)"
148,Shindō Kei,Asbestos,"Semiramis (Fate series), Temperance (Granblue Fantasy), Kyoka Jiro (My Hero Academia), Entoma Vasilissa Zeta (Overlord), Lillie (Pokemon 2019), Inukashi (No.6), Nyoro (World's End Club), Kuro Kagami (Kodomo No Jikan)"
149,Shirai Yūsuke,Jaye,"Ramuda Amemura (Hypnosis Mic: Division Rap Battle), Mordred (Granblue Fantasy), Epimetheus (Dragalia Lost), Yamato Nikaido (IDOLiSH7)"
150,Shiraishi Haruka,Iris,"Chiyoko Sonoda (THE IDOLM@STER Shiny Colors), Asirpa (Golden Kamuy), Kona (Granblue Fantasy), Aoi Hinata (OreSuki), Kirie Motoba (Himouto! Umaru-chan), Fumino Furuhashi (We Never Learn)"
151,Shiraishi Ryōko,"Cliffheart, Fang","Chouchou Akimichi (Boruto), Fuu/Matatabi (Naruto), Rem Tokimiya (Final Fantasy Type-0), Asuka Kazama (Tekken), Jude Maxwell (Wild Arms IV), Elliot Craig (The Legend of Heroes: Trails of Cold Steel), Macaron (Amagi Brilliant Park), Spider Demon Daughter (Demon Slayer: Kimetsu no Yaiba), Schrödinger (Hellsing Ultimate), Hime ""Onihime"" Onizuka (Sket Dance), Naga (Beelzebub), Societte (Granblue Fantasy), Hayate Ayasaki (Hayate the Combat Butler: Can't Take My Eyes Off You), Alexandra Trese (Trese), Arlan (Honkai Star Rail)"
152,Shirasu Saho,Astgenne,"Mio Kofune (Summer Time Rendering), Hannah (Neural Cloud)"
153,Sonozaki Mie,FEater,"Jeanne (Bayonetta), Sen no Rikyu (Fate Grand Order), Sora Shiun'in (Yu-Gi-Oh! Arc-V), Cynthia (Pokemon Masters), Moira (Overwatch, Japanese voice), Ilsa (Granblue Fantasy), Ashelia B'nargin Dalmasca (Final Fantasy XII), Turing (Neural Cloud)"
154,Sugiura Shiori,Vanilla,"Sweep Tosho (Uma Musume: Pretty Derby), Ririka Kenzaki (Liz and the Blue Bird)"
155,Sugiyama Riho,Pinecone,"Diana (Brave Frontier ReXona), Aleis (Granblue Fantasy), Male Blaze Wizard (Maplestory), Henrietta Penrose (86)"
156,Suwa Ayaka,"Cuora, Gavial, Gavial the Invincible, Manticore","Matsuri Tokugawa (The IDOLM@STER Million Live!), Elise (Fire Emblem Fates), A2 (NieR: Automata), Negev (Girls' Frontline), Alex (Dragalia Lost), Touka (Assassination Classroom), Chris/Eris (Konosuba), Eltendiska (Log Horizon)"
157,Suwabe Junichi,Mr. Nothing,"Archer/Emiya (Fate/stay night), Siegfried (Fate/apocrypha), World End (Servamp), Theodore (Persona 3 Portable), Relius Clover (BlazBlue series), Shopkeeper (Spy x Family), Ran Nagisa (Ensemble Stars), Yami Sukehiro (Black Clover), Ryoumen Sukuna (Jujutsu Kaisen), Keigo Atobe (Prince of Tennis), Karte (Gran Saga), Grimmjow Jaegerjaquez (Bleach), Siatrich Wynknight (The Reason Why Raeliana Ended Up at the Duke's Mansion), Naveed (Dragalia Lost), Terence D'Arby (JoJo's Bizarre Adventure: Stardust Crusaders), Ren Nekoyashiki (Rental Magica), Leone Abbacchio (JoJo's Bizarre Adventure: Golden Wind), McBurn (The Legend of Heroes: Trails of Cold Steel), Lars Alexandersson (Tekken), Ren Jinguuji (Uta no Prince-sama), Seofon/Siete (Granblue Fantasy), Daiki Aomine (Kuroko no Basket), Undertaker (Black Butler), Dark Choco Cookie (Cookie Run: Kingdom), Tseng (Final Fantasy VII Remake), Claude (Another Eden), Seymour Guado (Final Fantasy X and X-2), Artem Wing/Shizuma Saikyou/Baek Eunhoo/Zuo Ran (Tears of Themis), Warrior of Darkness/Ardbert (Final Fantasy XIV), Victor Valentine (Helios Rising Heroes), Chronos (Tales Of Xillia 2), Urias (Shadowverse)"
158,Suzuki Chihiro,Steward,"Wu Kong (Dragalia Lost), Soichiro Arima (KareKano), Elfen Lied (Kouta), Agnes Berge (Super Robot Wars UX), T'nique Arcana (Star Ocean: First Departure), Shigino Kisumi (Free!), Luke fon Fabre/Asch the Bloody (Tales of the Abyss)"
159,Suzuki Minori,Sora,"Freyja Wion (Macross Delta), Sagiri/Amagiri (Kantai Collection), Agnes Digital (Uma Musume: Pretty Derby), Ena Shinonome (Project Sekai)"
160,Suzuki Tatsuhisa,Aosta,"Makoto Tachibana (Free!), Hiroomi Nase (Beyond the Boundary), Noctis Lucis Caelum (Final Fantasy XV), Aegis Alver (Tales of Crestoria), Prai, Nero (Another Eden), Ranmaru Kurosaki (Uta no Prince Sama), Alphonse (Fire Emblem Heroes), Hiromasa (Onmyouji), Eve (NieR Automata), Aymeric de Borel (Final Fantasy XIV), Aglovale, Helnar (Granblue Fantasy), Tsubaki (Servamp), Soichi Takeda (The Idolmaster Dearly Stars), Shiva (Record of Ragnarok), Yuuji Sakamoto (Baka & Test), Ban (Seven Deadly Sins)"
161,Suzushiro Sayumi,Jackie,"Uruka Takemoto (We Never Learn), Wise (Okaasan Online), Akira Ono (Hi-score Girl), Kei Shirogane (Kaguya-sama wa Kokurasetai), Nijika Ichiji (Bocchi the Rock!)"
162,Tachibana Hina,Pudding,"Nagi Hisakawa (The Idolmaster Cinderella Girls), Satono Diamond (Uma Musume: Pretty Derby)"
163,Tachibana Rika,"Gravel, Plume","Super SASS, MK48 (Girls' Frontline), Yuisis (Granblue Fantasy), Kyaru/Karyl (Princess Connect! Re:Dive), Little Red Riding Hood (SiNoAlice), Lucia (Street Fighter V), Opeth (Gran Saga), Rinne (Alchemy Stars), Ruin Ate (Saint Seiya: Saintia Sho), Sae Kobayakawa (The IDOLM@STER Cinderella Girls)"
164,Tachibana Shinnosuke,Shalem,"Yukito Orikasa (IDOLiSH7), Tomoe (Kamisama Kiss), Alphinaud Leveilleur (Final Fantasy XIV), Ramza Beoulve (Final Fantasy Tactics), Lance (Brave Frontier ReXona), Arch (King's Raid), Vic (Alchemy Stars), Howard Link (D-Gray Man (2016)), Lan Wangji (Mo Dao Zu Shi/The Untamed), Kristoff (Valkyrie Profile: Covenant of the Plume), Hailak (Granblue Fantasy), Laphlaes Selkena (Lord of Heroes), Sylvano (Gran Saga), Shuuya Kano (Mekakucity Actors), Morisuke Yaku (Haikyuu!!), Jusis Albarea (The Legend of Heroes: Trails of Cold Steel)"
165,Tadokoro Azusa,"Kroos, Kroos the Keen Glint, Texas, Texas the Omertosa","Aoi Kiriya (Aikatsu!), Luciula Marlborough (Violet Evergarden), Shizuka Mogami (The IDOLM@STER), Princess Bari (Gran Saga), Moroha (Yashahime: Princess Half-Demon), Kaoru Seta (BanG Dream!), Chtholly Nota Seniorious (WorldEnd/SukaSuka), Galmieux (Shadowverse)"
166,Taichi Yō,"Deepcolor, Scavenger","Takeo Kamado (Demon Slayer: Kimetsu no Yaiba), IJN Ayanami (Azur Lane), Sandalphon (Dragalia Lost), Hephaestion/Faker (Fate series), Hiro Soma (Fruits Basket (2019)), Emperor (Akame ga Kill!), Pinecone Cookie (Cookie Run: Kingdom)"
167,Takahashi Mikako,Tomimi,"Ayumu Nishizawa (Hayate the Combat Butler!), Hotogi Shirayuki (Aria the Scarlet Ammo), Maria Theresa (Granblue Fantasy), Adelicia Lenn Mathers (Rental Magica), Ayumi Yamada (Honey & Clover), Sadaharu (Gintama), Satsuki Sohma (Fruits Basket (2019)), Chrono Harlaown (Magical Girl Lyrical Nanoha series), Heart Aino (Arcana Heart), Reverie Metherlence ('Elemental Gelade')"
168,Takahashi Minami,Whislash,"Konomi Baba (The IDOLM@STER Million Live!), Megumi Tadokoro (Shokugeki no Souma), Pieri (Fire Emblem Fates), Diola (Granblue Fantasy), Rachel (Legend of Mana: The Teardrop Crystal), Kayo Ennoshita (Uramichi Oniisan), El Condor Pasa (Uma Musume Pretty Derby), Shea Haulia (Arifureta: From Commonplace to World's Strongest), Elf Yamada (Eromanga Sensei)"
169,Takahashi Rie,"Nightmare, Perfumer","Mash Kyrielight (Fate/Grand Order), Megumin (Konosuba), Takagi (Teasing Master Takagi-san), Emilia (Re:Zero), Kaoru Kamiya (Rurouni Kenshin (2023)), Ilia (Dragalia Lost), Fjorm (Fire Emblem Heroes), Sumi Sakurasawa (Kanojo, Okarishimasu), Hu Tao (Genshin Impact), Ena Saitou (Laid-Back Camp), Stella (Beast Tamer)"
170,Takamori Natsumi,"Gummy, Mousse","Subaru (Wish Upon the Pleiades), Miku Maekawa (The iDOLM@STER Cinderella Girls series), Z1, Yūdachi (Azur Lane), Biino Bandoh (Amagi Brilliant Park), Aliza (Granblue Fantasy), Shimura Shinpachi (Gintama), Sarah Danes (Code Geass), Mei Misaki (Another), Goldmary (Fire Emblem Engage), Sona Sitri (High School DxD)"
171,Takano Asami,Quercus,"Frederica Miyamoto (The iDOLM@STER Cinderella Girls), Misa Toudou (Shirobako)"
172,Takanashi Kengo,Puzzle,"Ciaran (Final Fantasy Crystal Chronicles & Dissidia Opera Omnia), Link (Legend of Zelda: Breath of the Wild & Super Smash Bros Ultimate), Fujita (Dorohedoro), Yamanbagiri Chougi (Touken Ranbu), Haruto Amou (Shichisei no Subaru), Hajime Nishikawa (Gin no Saji), Nelson (The King of Fighters XIV), Emmanellain de Fortemps (Final Fantasy XIV)"
173,Taketatsu Ayana,W,"Azusa Nakano (K-On!), Yamato (Kantai Collection), Labrys (Persona 4 Arena), Natalie (Dragalia Lost), Sachiko Koshimizu (The Idolmaster Cinderella Girls), Nuwa (Shin Megami Tensei V), Altena (Another Eden), Bambietta (Bleach: Thousand Year Blood War), Kotori Itsuka (Date A Live), Cupitan (Granblue Fantasy), Kirino Kousaka (Oreimo), Shirley Orlando (The Legend of Heroes: Trails to Azure/Trails of Cold Steel), Suguha Kirigaya/Leafa (Sword Art Online), Nino Nakano (The Quintessential Quintuplets), Misora Kano (Shoujo Kageki Revue Starlight: RE LIVE)"
174,Takeuchi Shunsuke,Matterhorn,"Producer (The iDOLM@STER Cinderella Girls), Chiron (Fate series), Seth (Bravely Default 2), Barawa (Granblue Fantasy), Valyx (Dragalia Lost), Graff (Mobius Final Fantasy), Askin Nakk Le Vaar (Bleach Thousand Year Blood War), ViA (Megaman X Dive), Ain (Elsword), Jamie (Street Fighter VI), Daisuke Jigen (Lupin Zero), Purple Yam Cookie, Cream Unicorn Cookie (Cookie Run: Kingdom), Sherid Asveri (Legend of Heroes: Kuro no Kiseki), Barton (Alchemy Stars), Dvalin/Stormterror (Genshin Impact), Murakumo (Rune Factory 5), Ryoken Kogami/Revolver (Yu-Gi-Oh! VRAINS)"
175,Tanaka Minami,April,"Nitocris, Ortlinde (Fate Grand Order), Estelle (Dragalia Lost), Hana N. Fountainstand (HaNaYaMaTa), Hinata Okano (Assassination Classroom), Mary Saotome (Kakegurui), Minami Katayama (Wake Up, Girls!), Nanami (Punishing: Gray Raven), Linaria (Granblue Fantasy), Satsuki Yumizuka (Tsukihime (2021)), Lily Hoshikawa (Zombieland Saga), Sora (Beast Tamer)"
176,Taneda Risa,"Eyjafjalla, Meteorite","Mash Kyrielight (formerly), Marie Antoinette (Fate/Grand Order), Erina Nakiri (Shokugeki no Soma), Riveria Ljos Alf (formerly) (Danmachi), Kaori Miyazono (Your Lie in April), Xenovia Quarta (High School DxD), Mirai Kuriyama (Beyond the Boundary), Ai Mizuno (Zombieland Saga), Chika (Log Horizon), Queen (No Game No Life), Rize Tedeza (Is The Order A Rabbit?), M1 Garand, MG3, Thompson (Girls' Frontline), Several characters in Kantai Collection, notably Haguro and Nachi, D.Va (Overwatch, Japanese voice)"
177,Tanezaki Atsumi,"Blue Poison, Dobermann","Emilia Kishitani (Durarara! series), Sayuri Hanayori (Owari no Seraph), Touma (Noragami), Anya Forger (Spy x Family), Avery (Gran Saga), Maira Sakuranomiya (Blend S), Ophelia Pharmsolone (Fate Grand Order), Chise Hatori (The Ancient Magus' Bride), Lily (NieR:Automata Ver1.1a), Ethel (Xenoblade Chronicles 3), Black Pearl Cookie (Cookie Run: Kingdom), Vikala (Granblue Fantasy), Kyoko Igarashi (The IDOLM@STER Cinderella Girls), Juno (Beastars), Orisa (Overwatch, Japanese voice), Beryl (Alchemy Stars), Meteion (Final Fantasy XIV: Endwalker)"
178,Terashima Takuma,Stainless,"Ittoki Otoya (Uta no Prince-Sama), Touma Amagase (The IDOLM@STER SideM), Shiroe (Log Horizon), Roland, Angra Mainyu (Fate series), Cain (Granblue Fantasy), Snake (Black Butler), Tatara (Sousei no Onmyouji), Ancel (Valkyrie Profile: Covenant of the Plume), Ultraman Taiga (Ultraman Taiga), Shiki Granbell (Edens Zero), Satoru Mikami (That Time I Got Reincarnated as a Slime), Lyle Collodi (Honkai Impact 3rd), Mahiru Shirota (Servamp)"
179,Terui Haruka,Sussurro,"Mei Higurashi (Yashahime: Princess Half-Demon), Momoka Sakurai (The IDOLM@STER Cinderella Girls), Mileena Weiss (Tales of the Rays), Yuna Yuki (Yuki Yuna is a Hero), Kobeni Yonomori (Mikakunin de Shinkoukei), Shania Reid; later Consul/Moebius S (Xenoblade Chronicles 3), Lila Decyrus (Atelier Ryza)"
180,Tokui Sora,Swire,"Nero Yuzurizaki (Milky Holmes), Nico Yazawa (Love Live!), Halpeti (Gran Saga), Hideri Kanzaki (Blend S), Tenko Chabashira (Danganronpa V3)"
181,Tomatsu Haruka,Saileach,"Zero Two (Darling in the FranXX), Minamoto no Raikou (Fate Grand Order), Aphmau (Final Fantasy XI), M4A1 / WA2000 (Girls Frontline), Asuna Yuuki (Sword Art Online), Xuan Zang (Dragalia Lost), Luciel (Gran Saga), Morgiana (Magi: The Labyrinth of Magic), Aoko Aozaki (Mahoutsukai no Yoru and Melty Blood: Type Lumina), Kiyoko Hori (Horimiya), Feena (Granblue Fantasy), Eina Tulle (Danmachi), Haru Okumura (Persona 5)"
182,Tomita Miyu,Kafka,"Gabriel White Tenma (Gabriel Dropout), Yume Nijino (Aikatsu Stars!), Akira Sunazuka (The Idolmaster Cinderella Girls), Shez (female) (Fire Emblem Three Hopes), Chloe (Granblue Fantasy), Lalafin Nonomiya (Shoujo Kageki Revue Starlight: RE LIVE), Rizu Ogata (We Never Learn), Miko Iino (Kaguya-sama wa Kokurasetai), Riko (Made in Abyss), Chuatury Panlunch (Mobile Suit Gundam: The Witch from Mercury), Layla (Genshin Impact)"
183,Toriumi Kōsuke,Broca,"Kiyoomi Sakusa (Haikyuu!!), Yuri (Arte), Yuri Lowell (Tales of Vesperia), Acnologia (Fairy Tail), Kiyotaka Ishimaru (Danganronpa : Trigger Happy Havoc), Robin Hood, Asterius (Fate series), Himuro Saeki (Hayate no Gotoku), Saitou Hajime (Hakuoki series), Kurotabo (Nurarihyon no Mago), Salaryman (Youjo Senki), Ewan/Yuin (Another Eden), Hector, Bramimond, Narcian (Fire Emblem series), Brock (Pokemon Masters), Kei (Gran Saga), Madara Mikejima (Ensemble Stars), Junpei Iori (Persona 3), Eikichi Mishina (Persona 2), Hong Yun-seong (Soul Calibur series), Shio Takahata (Tokyo Xanadu eX+), Rufus Wilde (Grand Chase for Kakao), Hayate (Pretear), Cecile Aijima (Uta no Prince-sama), Isaac (Granblue Fantasy), Zenos yae Galvus (Final Fantasy XIV), Flashy Flash (One Punch Man series), Kaeya (Genshin Impact), Guido Mista (Jojo's Bizarre Adventure: Golden Wind), Mikazuki Munechika (Touken Ranbu), Kiba Inuzuka (Naruto), Ryo Aoki (Yakuza: Like a Dragon)"
184,Toyoguchi Megumi,Horn,"Hikari / Dawn (Pokémon), Rebecca ""Revy"" Lee (Black Lagoon), Haruka (Senran Kagura), Aqua (Kingdom Hearts series), Paine (Final Fantasy X-2), Saya Minatsuki (Black Cat), Mezrael (Gran Saga), Kid (Chrono Cross for Another Eden Collaboration event), Voice of The World, Great Sage, Raphael (That Time I Got Reincarnated as a Slime), Sola-Ui Nuada Re-Sophia-Ri (Fate/Zero), Sara Valestein (The Legend of Heroes: Trails of Cold Steel), Winry Rockbell (Fullmetal Alchemist), Karina, Xania (Dragalia Lost), Kirino Chiba (Bamboo Blade), Chifuyu Orimura(Infinite Stratos), Yukari Takeba (Persona 3), Junko Enoshima (Danganronpa)"
185,Toyosaki Aki,Bagpipe,"Momo Deviluke (To Love Ru), Yunyun (Konosuba), Fig Cookie (Cookie Run: Kingdom), Ristarte (Cautious Hero), Caroline, Justine (Persona 5), Ramona (Dragalia Lost), Manaka Sajyou, Beast of 666 (Fate/prototype), Uiharu Kazari (Toaru Kagaku no Railgun), Suomi (Girls' Frontline), Yui Hirasawa (K-On!), Aoi Kunieda (Beelzebub)"
186,Uchida Maaya,Mudrock,"Melty Melromarc (The Rising of the Shield Hero), Sharo Kirima (Is The Order A Rabbit?), Ranko Kanzaki (The IDOLM@STER Cinderella Girls), Shizuna Rem Misurugi (The Legend of Heroes: Kuro no Kiseki), Sharena (Fire Emblem Heroes), Iki Hiyori (Noragami), Veronica (Dragon Quest XI), Serena, Annelie (Dragalia Lost), Futaba Yoshioka (Ao Haru Ride), Zero (Drakengard 3), Sanka Rea (Sankarea), Pollux (Fate Grand Order), Pure Vanilla Cookie (Cookie Run: Kingdom), Pholia (Granblue Fantasy), Ysayle Dangoulaine, Shiva (Final Fantasy XIV), Rikka Takanashi (Love, Chunibyo & Other Delusions), Catarina Claes (My Next Life as a Villainess: All Routes Lead to Doom!), Fischl (Genshin Impact), CZ-805 (Girls' Frontline)"
187,Uchiyama Yumi,Akafuyu,"Puck (Re:Zero- Starting Life in Another World), Ophelia (Servamp), Mare Belle Fiore (Overlord), Rudeus Greyrat (Mushoku Tensei), Cleo (Dragalia Lost), Arrow (Fire Force), Candice Catnipp (Bleach Thousand Year Blood War), Elizabeth (Vivy: Fluorite Eye's Song), Chiba Erika (The Irregular at Magic High School), Natasha (Honkai Star Rail)"
188,Ueda Hikaru,Podenco,"Louisa May Alcott (Bungou Stray Dogs Season 2), Shenmei Liu (Kuromukuro), Suelle Malen (Atelier Lydie and Suelle)"
189,Ueda Hitomi,Ashlock,"Gold Ship (Uma Musume Pretty Derby), Ryszarda (Dragalia Lost), Leyli Haltija (Warlords of Sigrdrifa)"
190,Ueda Kana,Skyfire,"Rachel Alucard (BlazBlue), Pascal (Tales of Graces), Ishtar, Ereshkigal (Fate Grand Order), Hayate Yagami (Magical Girl Lyrical Nanoha series), Kohaku (Tsukihime), Luna Platz (Megaman Star Force), Sakuya Aizawa (Hayate no Gotoku), Undine (Black Clover), Nadine, Nikitis (Alchemy Stars), Innkeeper Lorraine (Guardian Tales), Yuel (Granblue Fantasy), Erys Jerand (Star Ocean: The First Departure), Ibuki (Street Fighter V), Ezelith, Althemia (Dragalia Lost), Yuel (Granblue Fantasy), Rin Tōsaka (Fate series), IF (Neptunia series), Honami Takase Ambler (Rental Magica), Yoimiya (Genshin Impact), Light Halo (Uma Musume Pretty Derby)"
191,Ueda Reina,Rosa,"Gray (The Case Files of Lord El-Melloi and Fate/Grand Order), Seraphine (League of Legends), Nina Fenly (Legend of Heroes: Kuro no Kiseki), Kikuri (Brave Frontier ReXona), RiCO,iCO (Rockman x Dive), Pengy (Granblue Fantasy), Naru Sekiya (HaNaYaMaTa), Elizabeth Ashley (The Saint Magic Power is Omnipotent), Hemimorphite (Land of the Lustrous), Akane Shinjo (SSSS.GRIDMAN), Kanao Tsuyuri (Demon Slayer: Kimetsu no Yaiba), Ganyu (Genshin Impact), Miyako Hoshino (Wataten), Aoi (Dragalia Lost), Umi Kousaka (THE IDOLM@STER Cinderella Girls), Honami Mochizuki (Project Sekai)"
192,Yaguchi Asami,Pith,"Sakata Gintoki (young) (Gintama), Kuchipatchi (Tamagotchi), Sawyer (Black Lagoon), Katina Tarask (Super Robot Wars OG), Eleonore von Wittenburg (Dies Irae)"
193,Yahagi Sayuri,Cutter,"Michiru Hyodo (Saekano), Karin (Karin Maaka), Haruna Sairenji (To LOVE Ru), Manami Okuda (Assassination Classroom), Sakuya (Sword Art Online)"
194,Yamamoto Nozomi,Estelle,"Rika Jougasaki (The IDOLM@STER Cinderella Girls), Yukimura Kusunoki (Haganai), I-402 (Arpeggio of Blue Steel)"
195,Yamamura Hibiku,Flint,"Haruna (Arpeggio of Blue Steel), Px4 Storm (Girls' Frontline), Rinea (Fire Emblem Heroes), Hazuki Nanakusa (The Idolmaster Shiny Colors), Lola Jornaus (Star Ocean: The Divine Force), Nanami Kuon (Paripi Koumei), Faria (Seven Knights Revolution: Successor of the Heroes), Leona (Granblue Fantasy), Asuramaru (Seraph of The End)"
196,Yamaoka Yuri,Conviction,"KMS Admiral Hipper (Azur Lane), Ai Shindou (Beyond the Boundary), Beelzebub (Umineko no Naku Koro ni)"
197,Yamazaki Haruka,Grani,"Mirai Kasuga (The IDOLM@STER Million Live!), Herta (Honkai Star Rail)"
198,Yashiro Taku,Windflit,"Natsuo Fujii (Domestic Girlfriend), Su Fang (Dragalia Lost), Zero Zephyrum (Grand Chase: Dimensional Wars), Jude (The Saint Magic Power is Omnipotent), Ephraim (Fire Emblem Heroes), Tsubasa Kashiwagi (The Idolmaster SideM), Magnai Oronir (Final Fantasy XIV), Hirokazu Arai (Chainsaw Man), Aogu Shiji (Kakushigoto), Terry (Rune Factory 5), Tatsuhisa Kamijo (Yu☆Gi☆Oh!: Sevens), Haruhi Teramitsu (B-PROJECT)"
199,Yasumoto Hiroki,Czerny,"Yasutora ""Chad"" Sado (Bleach), Germany (Hetalia), Raubahn Aldynn (Final Fantasy XIV), Tea Knight Cookie (Cookie Run: Kingdom), Carlos Oliveira (Resident Evil 3 (2020 remake)), Agravain (Fate Grand Order), Victor S. Arseid (Legend of Heroes: Trails of Cold Steel), Berserker (Dragalia Lost), Wyn (Gran Saga), Orwin Granberg (Tales of Crestoria), Agil (Sword Art Online), Hoozuki (Hoozuki no Reitetsu), Guile (Street Fighter), Nekomaru Nidai (Super Danganronpa 2), Asura (Asura's Wrath), Pod 042 (NieR: Automata), Svarog (Honkai Star Rail)"
200,Yasuno Kiyono,Hoshiguma,"Nejire Hado (My Hero Academia), Baretta (Lord of Heroes), Pamela (Granblue Fantasy), Ramael (Gran Saga), Witch Regret (Edens Zero), Charmy Pappitson (Black Clover), Megumi Kato (Saekano)"
201,Yokote Kumiko,Indigo,"Noel K. Ehrlichkeit (Magical Girl Lyrical Nanoha), Montblanc (Final Fantasy Tactics Advance Radio), Eru (Shugo Chara series), Omi Takahata (Saya no Uta), Narukami (Kamisama Kiss)"
202,Yonezawa Madoka,Proviso,"Ferry (Granblue Fantasy), Nona (Another Eden), Olga Marie Animusphere, Alien God (Fate/Grand Order and The Case Files of Lord El Melloi), Odetta (Dragalia Lost), Ui Hirasawa (K-On! The Movie)"
203,Yoshino Hiroyuki,Ethan,"Kai Miyagusuku (Blood+), Hoka Inumuta (Kill la Kill), Favaro (Rage of Bahamut), Ragazzo (Granblue Fantasy), Avan Hardins (Valkyria Chronicle II), Okada Izo (Fate Grand Order), Yaten (Dragalia Lost), Ningen Mukotsu (Touken Ranbu), Solf J Kimblee (Fullmetal Alchemist: Brotherhood), Firo Prochainezo (Baccano!), Yusuke ""Bossun"" Fujisaki (Sket Dance), Hajime Iwaizumi (Haikyuu!!), Franky Franklin (Spy x Family)"
204,Yoshioka Mayu,Utage,"Mayu Shimada (Wake Up, Girls!), Haru Kiritani (Project Sekai)"
205,Yukana,Dusk,"C.C. (Code Geass), Tear Grants (Tales of the Abyss'), Harle (Chrono Cross for Another Eden collaboration event), Rinslet Walker (Black Cat), Hades Izanami (Blazblue series), Tessa (Full Metal Panic), Sharon Kruger (The Legend of Heroes: Trails of Cold Steel), Meiling Li (Cardcaptor Sakura), Notte, Meene, Nefaria (Dragalia Lost), Niyon (Granblue Fantasy), Cecilia Alcott (Infinite Stratos), Kanna (InuYasha), Katsushika Hokusai (Fate/Grand Order), Rise (Neural Cloud), Himari Akeboshi (Blue Archive)"
206,Yūki Aoi,"Earthspirit, Istina, Nian","Madoka Kaname (Puella Magi Madoka Magica), Tanya von Degurechaff (Youjo Senki), Eevee (Pokémon), Sakura (Final Fantasy Brave Exvius), Kumoko/Shiraori (I'm A Spider So What?), Platinum The Trinity (Blazblue series), Futaba Sakura (Persona 5), Renne Bright (Legend of Heroes Trails series), Melissa (Another Eden), Windblade (Transformers: Cyberverse), Anila (Granblue Fantasy), Lysithea (Fire Emblem Three Houses & Three Hopes), Quyi (Gran Saga), Emma (Dragalia Lost), Ko Sakuragi (Wotakoi), Okita Souji, Tiamat, Shuten Doji, Ibuki Doji (Fate Grand Order), Shinra Kishitani (Durarara!), Hibiki Tachibana (Senki Zesshou Symphogear), Fiona (Xenoblade Chronicles 3), Relm (Final Fantasy VI), Kiriya Ubuyashiki (Demon Slayer: Kimetsu no Yaiba), Tatsumaki (One Punch Man), Kurona Yasuhisa (Tokyo Ghoul), Taylor Bartlett (Violet Evergarden), Diane (Seven Deadly Sins), Lumine (Genshin Impact), Tsuyu Asui (My Hero Academia), Lucy (Cyberpunk: Edgerunners)"
207,Yūki Kana,"Gitano, Myrrh","Noelle Silva, Acier Silva (Black Clover), Super Creek (Uma Musume: Pretty Derby), Ciella (Dragalia Lost), Arisa (Shadowverse), Alspia (Granblue Fantasy), Nino, Katarina (Fire Emblem Heroes), USS Yorktown, USS Concord, IJN Yukikaze (Azur Lane), Rinslet Laurenfrost (Blade Dance of the Elementalers)"
208,Yukino Satsuki,Justice Knight,"Kagome Higurashi (Inuyasha), Nenene Sumiregawa (R.O.D), Yoruichi Shihouin (Bleach), Mion Sonozaki, Shion Sonozaki (Higurashi no Naku Koro Ni), Erica Russell (Legend of Heroes: Trails in the Sky 3rd), Arietta the Beast (Tales of the Abyss), Tae Shimura (Gintama), Momiji Ooka (Detective Conan), Kaname Chidori (Full Metal Panic!), Pururu (Sgt. Frog), Misae Sagara (Clannad), FX-05 and VP1915 (Girls' Frontline)"
209,Yuzuki Ryoka,Touch,"Ino Yamanaka (Naruto), Satsuki Kiryuin (Kill la Kill), Metera (Granblue Fantasy), Reala (Tales of Destiny 2), Financier Cookie (Cookie Run: Kingdom), Arcueid Brunestud (Tsukihime), Cassandra (Dragalia Lost), Lisa Momioka (To Love-Ru), Airachnid (Transformers: Prime), Akio Fudou (Trinity Seven), Shizuka Hiratsuka (My Teen Romantic Comedy SNAFU), Shamal (Magical Lyrical Girl Nanoka A's), Sol (Neural Cloud), Candace (Genshin Impact)"
